seed,repeat,version,mode,width,score,seconds,over_2s,beams,initial_cost,rebuilds,cost,input_sha256,output_sha256,source_sha256,tool_sha256,reference_commit,compiler,flags
10,0,reference_w64,timed,64,10694,1.7768679230066482,0,2,1311,794,1307,bca95e22e49735b19cc5ef0f7c2b8ab6f328d6e72c3033d1964a7ed3c1d47bdc,dedc449761ec9621ca630bdc74cf0b00f5c1d9d956b31459dc54ddca340b60f0,9264fe5e5e191ba388a0e5d165fc292c6722185f5292ed7da7262e9cc16e2fdc,32c6ab9b34f99cfd8c66da0fea5b0c70dc0706c86c6c72cf5345908c65d21ebf,8b79c5c30b5447a511bebeb2d55164bda8362887,g++ (Ubuntu 13.3.0-6ubuntu2~24.04.1) 13.3.0,-std=c++17 -O2 -DNDEBUG -Wall -Wextra -DAHC071_TIME_LIMIT=1.80 -DAHC071_BEAM_WIDTH=64
10,0,current_w64,timed,64,10694,1.7763610039837658,0,2,1311,785,1307,bca95e22e49735b19cc5ef0f7c2b8ab6f328d6e72c3033d1964a7ed3c1d47bdc,dedc449761ec9621ca630bdc74cf0b00f5c1d9d956b31459dc54ddca340b60f0,190b732121b853ab794aed65b36c500bcec3d59ff49f8547eb9028e23f922593,32c6ab9b34f99cfd8c66da0fea5b0c70dc0706c86c6c72cf5345908c65d21ebf,8b79c5c30b5447a511bebeb2d55164bda8362887,g++ (Ubuntu 13.3.0-6ubuntu2~24.04.1) 13.3.0,-std=c++17 -O2 -DNDEBUG -Wall -Wextra -DAHC071_TIME_LIMIT=1.80 -DAHC071_BEAM_WIDTH=64
10,0,reference_w32,timed,32,10694,1.7766332229948603,0,2,1313,801,1307,bca95e22e49735b19cc5ef0f7c2b8ab6f328d6e72c3033d1964a7ed3c1d47bdc,dedc449761ec9621ca630bdc74cf0b00f5c1d9d956b31459dc54ddca340b60f0,9264fe5e5e191ba388a0e5d165fc292c6722185f5292ed7da7262e9cc16e2fdc,32c6ab9b34f99cfd8c66da0fea5b0c70dc0706c86c6c72cf5345908c65d21ebf,8b79c5c30b5447a511bebeb2d55164bda8362887,g++ (Ubuntu 13.3.0-6ubuntu2~24.04.1) 13.3.0,-std=c++17 -O2 -DNDEBUG -Wall -Wextra -DAHC071_TIME_LIMIT=1.80 -DAHC071_BEAM_WIDTH=32
10,1,current_w64,timed,64,10694,1.776502819993766,0,2,1311,762,1307,bca95e22e49735b19cc5ef0f7c2b8ab6f328d6e72c3033d1964a7ed3c1d47bdc,dedc449761ec9621ca630bdc74cf0b00f5c1d9d956b31459dc54ddca340b60f0,190b732121b853ab794aed65b36c500bcec3d59ff49f8547eb9028e23f922593,32c6ab9b34f99cfd8c66da0fea5b0c70dc0706c86c6c72cf5345908c65d21ebf,8b79c5c30b5447a511bebeb2d55164bda8362887,g++ (Ubuntu 13.3.0-6ubuntu2~24.04.1) 13.3.0,-std=c++17 -O2 -DNDEBUG -Wall -Wextra -DAHC071_TIME_LIMIT=1.80 -DAHC071_BEAM_WIDTH=64
10,1,reference_w32,timed,32,10694,1.776982423994923,0,2,1313,638,1307,bca95e22e49735b19cc5ef0f7c2b8ab6f328d6e72c3033d1964a7ed3c1d47bdc,dedc449761ec9621ca630bdc74cf0b00f5c1d9d956b31459dc54ddca340b60f0,9264fe5e5e191ba388a0e5d165fc292c6722185f5292ed7da7262e9cc16e2fdc,32c6ab9b34f99cfd8c66da0fea5b0c70dc0706c86c6c72cf5345908c65d21ebf,8b79c5c30b5447a511bebeb2d55164bda8362887,g++ (Ubuntu 13.3.0-6ubuntu2~24.04.1) 13.3.0,-std=c++17 -O2 -DNDEBUG -Wall -Wextra -DAHC071_TIME_LIMIT=1.80 -DAHC071_BEAM_WIDTH=32
10,1,reference_w64,timed,64,10694,1.776405569020426,0,2,1311,787,1307,bca95e22e49735b19cc5ef0f7c2b8ab6f328d6e72c3033d1964a7ed3c1d47bdc,dedc449761ec9621ca630bdc74cf0b00f5c1d9d956b31459dc54ddca340b60f0,9264fe5e5e191ba388a0e5d165fc292c6722185f5292ed7da7262e9cc16e2fdc,32c6ab9b34f99cfd8c66da0fea5b0c70dc0706c86c6c72cf5345908c65d21ebf,8b79c5c30b5447a511bebeb2d55164bda8362887,g++ (Ubuntu 13.3.0-6ubuntu2~24.04.1) 13.3.0,-std=c++17 -O2 -DNDEBUG -Wall -Wextra -DAHC071_TIME_LIMIT=1.80 -DAHC071_BEAM_WIDTH=64
10,2,reference_w32,timed,32,10694,1.776601916004438,0,2,1313,798,1307,bca95e22e49735b19cc5ef0f7c2b8ab6f328d6e72c3033d1964a7ed3c1d47bdc,dedc449761ec9621ca630bdc74cf0b00f5c1d9d956b31459dc54ddca340b60f0,9264fe5e5e191ba388a0e5d165fc292c6722185f5292ed7da7262e9cc16e2fdc,32c6ab9b34f99cfd8c66da0fea5b0c70dc0706c86c6c72cf5345908c65d21ebf,8b79c5c30b5447a511bebeb2d55164bda8362887,g++ (Ubuntu 13.3.0-6ubuntu2~24.04.1) 13.3.0,-std=c++17 -O2 -DNDEBUG -Wall -Wextra -DAHC071_TIME_LIMIT=1.80 -DAHC071_BEAM_WIDTH=32
10,2,reference_w64,timed,64,10694,1.7765863009844907,0,2,1311,728,1307,bca95e22e49735b19cc5ef0f7c2b8ab6f328d6e72c3033d1964a7ed3c1d47bdc,dedc449761ec9621ca630bdc74cf0b00f5c1d9d956b31459dc54ddca340b60f0,9264fe5e5e191ba388a0e5d165fc292c6722185f5292ed7da7262e9cc16e2fdc,32c6ab9b34f99cfd8c66da0fea5b0c70dc0706c86c6c72cf5345908c65d21ebf,8b79c5c30b5447a511bebeb2d55164bda8362887,g++ (Ubuntu 13.3.0-6ubuntu2~24.04.1) 13.3.0,-std=c++17 -O2 -DNDEBUG -Wall -Wextra -DAHC071_TIME_LIMIT=1.80 -DAHC071_BEAM_WIDTH=64
10,2,current_w64,timed,64,10694,1.7766805030114483,0,2,1311,798,1307,bca95e22e49735b19cc5ef0f7c2b8ab6f328d6e72c3033d1964a7ed3c1d47bdc,dedc449761ec9621ca630bdc74cf0b00f5c1d9d956b31459dc54ddca340b60f0,190b732121b853ab794aed65b36c500bcec3d59ff49f8547eb9028e23f922593,32c6ab9b34f99cfd8c66da0fea5b0c70dc0706c86c6c72cf5345908c65d21ebf,8b79c5c30b5447a511bebeb2d55164bda8362887,g++ (Ubuntu 13.3.0-6ubuntu2~24.04.1) 13.3.0,-std=c++17 -O2 -DNDEBUG -Wall -Wextra -DAHC071_TIME_LIMIT=1.80 -DAHC071_BEAM_WIDTH=64
11,0,current_w64,timed,64,10556,1.7773842360184062,0,1,1446,852,1445,2b0caa0f7063425d05d7f3f494392f31f6681c328f83d9b11348572f8f616da7,a49127ad7a1405fba39102dcf408aaeff2f2b83e91e0fc250ff6b43002e838d1,190b732121b853ab794aed65b36c500bcec3d59ff49f8547eb9028e23f922593,32c6ab9b34f99cfd8c66da0fea5b0c70dc0706c86c6c72cf5345908c65d21ebf,8b79c5c30b5447a511bebeb2d55164bda8362887,g++ (Ubuntu 13.3.0-6ubuntu2~24.04.1) 13.3.0,-std=c++17 -O2 -DNDEBUG -Wall -Wextra -DAHC071_TIME_LIMIT=1.80 -DAHC071_BEAM_WIDTH=64
11,0,reference_w32,timed,32,10556,1.776754129998153,0,1,1446,846,1445,2b0caa0f7063425d05d7f3f494392f31f6681c328f83d9b11348572f8f616da7,a49127ad7a1405fba39102dcf408aaeff2f2b83e91e0fc250ff6b43002e838d1,9264fe5e5e191ba388a0e5d165fc292c6722185f5292ed7da7262e9cc16e2fdc,32c6ab9b34f99cfd8c66da0fea5b0c70dc0706c86c6c72cf5345908c65d21ebf,8b79c5c30b5447a511bebeb2d55164bda8362887,g++ (Ubuntu 13.3.0-6ubuntu2~24.04.1) 13.3.0,-std=c++17 -O2 -DNDEBUG -Wall -Wextra -DAHC071_TIME_LIMIT=1.80 -DAHC071_BEAM_WIDTH=32
11,0,reference_w64,timed,64,10556,1.7766524180187844,0,1,1446,853,1445,2b0caa0f7063425d05d7f3f494392f31f6681c328f83d9b11348572f8f616da7,a49127ad7a1405fba39102dcf408aaeff2f2b83e91e0fc250ff6b43002e838d1,9264fe5e5e191ba388a0e5d165fc292c6722185f5292ed7da7262e9cc16e2fdc,32c6ab9b34f99cfd8c66da0fea5b0c70dc0706c86c6c72cf5345908c65d21ebf,8b79c5c30b5447a511bebeb2d55164bda8362887,g++ (Ubuntu 13.3.0-6ubuntu2~24.04.1) 13.3.0,-std=c++17 -O2 -DNDEBUG -Wall -Wextra -DAHC071_TIME_LIMIT=1.80 -DAHC071_BEAM_WIDTH=64
11,1,reference_w32,timed,32,10556,1.7766065019823145,0,1,1446,862,1445,2b0caa0f7063425d05d7f3f494392f31f6681c328f83d9b11348572f8f616da7,a49127ad7a1405fba39102dcf408aaeff2f2b83e91e0fc250ff6b43002e838d1,9264fe5e5e191ba388a0e5d165fc292c6722185f5292ed7da7262e9cc16e2fdc,32c6ab9b34f99cfd8c66da0fea5b0c70dc0706c86c6c72cf5345908c65d21ebf,8b79c5c30b5447a511bebeb2d55164bda8362887,g++ (Ubuntu 13.3.0-6ubuntu2~24.04.1) 13.3.0,-std=c++17 -O2 -DNDEBUG -Wall -Wextra -DAHC071_TIME_LIMIT=1.80 -DAHC071_BEAM_WIDTH=32
11,1,reference_w64,timed,64,10556,1.7765423670061864,0,1,1446,833,1445,2b0caa0f7063425d05d7f3f494392f31f6681c328f83d9b11348572f8f616da7,a49127ad7a1405fba39102dcf408aaeff2f2b83e91e0fc250ff6b43002e838d1,9264fe5e5e191ba388a0e5d165fc292c6722185f5292ed7da7262e9cc16e2fdc,32c6ab9b34f99cfd8c66da0fea5b0c70dc0706c86c6c72cf5345908c65d21ebf,8b79c5c30b5447a511bebeb2d55164bda8362887,g++ (Ubuntu 13.3.0-6ubuntu2~24.04.1) 13.3.0,-std=c++17 -O2 -DNDEBUG -Wall -Wextra -DAHC071_TIME_LIMIT=1.80 -DAHC071_BEAM_WIDTH=64
11,1,current_w64,timed,64,10556,1.7767054839932825,0,1,1446,871,1445,2b0caa0f7063425d05d7f3f494392f31f6681c328f83d9b11348572f8f616da7,a49127ad7a1405fba39102dcf408aaeff2f2b83e91e0fc250ff6b43002e838d1,190b732121b853ab794aed65b36c500bcec3d59ff49f8547eb9028e23f922593,32c6ab9b34f99cfd8c66da0fea5b0c70dc0706c86c6c72cf5345908c65d21ebf,8b79c5c30b5447a511bebeb2d55164bda8362887,g++ (Ubuntu 13.3.0-6ubuntu2~24.04.1) 13.3.0,-std=c++17 -O2 -DNDEBUG -Wall -Wextra -DAHC071_TIME_LIMIT=1.80 -DAHC071_BEAM_WIDTH=64
11,2,reference_w64,timed,64,10556,1.7766003009746782,0,1,1446,857,1445,2b0caa0f7063425d05d7f3f494392f31f6681c328f83d9b11348572f8f616da7,a49127ad7a1405fba39102dcf408aaeff2f2b83e91e0fc250ff6b43002e838d1,9264fe5e5e191ba388a0e5d165fc292c6722185f5292ed7da7262e9cc16e2fdc,32c6ab9b34f99cfd8c66da0fea5b0c70dc0706c86c6c72cf5345908c65d21ebf,8b79c5c30b5447a511bebeb2d55164bda8362887,g++ (Ubuntu 13.3.0-6ubuntu2~24.04.1) 13.3.0,-std=c++17 -O2 -DNDEBUG -Wall -Wextra -DAHC071_TIME_LIMIT=1.80 -DAHC071_BEAM_WIDTH=64
11,2,current_w64,timed,64,10556,1.776321219978854,0,1,1446,868,1445,2b0caa0f7063425d05d7f3f494392f31f6681c328f83d9b11348572f8f616da7,a49127ad7a1405fba39102dcf408aaeff2f2b83e91e0fc250ff6b43002e838d1,190b732121b853ab794aed65b36c500bcec3d59ff49f8547eb9028e23f922593,32c6ab9b34f99cfd8c66da0fea5b0c70dc0706c86c6c72cf5345908c65d21ebf,8b79c5c30b5447a511bebeb2d55164bda8362887,g++ (Ubuntu 13.3.0-6ubuntu2~24.04.1) 13.3.0,-std=c++17 -O2 -DNDEBUG -Wall -Wextra -DAHC071_TIME_LIMIT=1.80 -DAHC071_BEAM_WIDTH=64
11,2,reference_w32,timed,32,10556,1.7769546999770682,0,1,1446,862,1445,2b0caa0f7063425d05d7f3f494392f31f6681c328f83d9b11348572f8f616da7,a49127ad7a1405fba39102dcf408aaeff2f2b83e91e0fc250ff6b43002e838d1,9264fe5e5e191ba388a0e5d165fc292c6722185f5292ed7da7262e9cc16e2fdc,32c6ab9b34f99cfd8c66da0fea5b0c70dc0706c86c6c72cf5345908c65d21ebf,8b79c5c30b5447a511bebeb2d55164bda8362887,g++ (Ubuntu 13.3.0-6ubuntu2~24.04.1) 13.3.0,-std=c++17 -O2 -DNDEBUG -Wall -Wextra -DAHC071_TIME_LIMIT=1.80 -DAHC071_BEAM_WIDTH=32
12,0,reference_w32,timed,32,10632,1.7770313330111094,0,1,1372,870,1369,aee705dcdff054fc2c02a6257dfe7ccf266c5d6df836167f7fd73f14a240cb8c,b45b8bb432e7eba92700f4872cdd1f55fe0bbef8c0d607324fcfd2210660799f,9264fe5e5e191ba388a0e5d165fc292c6722185f5292ed7da7262e9cc16e2fdc,32c6ab9b34f99cfd8c66da0fea5b0c70dc0706c86c6c72cf5345908c65d21ebf,8b79c5c30b5447a511bebeb2d55164bda8362887,g++ (Ubuntu 13.3.0-6ubuntu2~24.04.1) 13.3.0,-std=c++17 -O2 -DNDEBUG -Wall -Wextra -DAHC071_TIME_LIMIT=1.80 -DAHC071_BEAM_WIDTH=32
12,0,reference_w64,timed,64,10632,1.7764481140184216,0,1,1372,866,1369,aee705dcdff054fc2c02a6257dfe7ccf266c5d6df836167f7fd73f14a240cb8c,b45b8bb432e7eba92700f4872cdd1f55fe0bbef8c0d607324fcfd2210660799f,9264fe5e5e191ba388a0e5d165fc292c6722185f5292ed7da7262e9cc16e2fdc,32c6ab9b34f99cfd8c66da0fea5b0c70dc0706c86c6c72cf5345908c65d21ebf,8b79c5c30b5447a511bebeb2d55164bda8362887,g++ (Ubuntu 13.3.0-6ubuntu2~24.04.1) 13.3.0,-std=c++17 -O2 -DNDEBUG -Wall -Wextra -DAHC071_TIME_LIMIT=1.80 -DAHC071_BEAM_WIDTH=64
12,0,current_w64,timed,64,10632,1.776500068983296,0,1,1372,869,1369,aee705dcdff054fc2c02a6257dfe7ccf266c5d6df836167f7fd73f14a240cb8c,b45b8bb432e7eba92700f4872cdd1f55fe0bbef8c0d607324fcfd2210660799f,190b732121b853ab794aed65b36c500bcec3d59ff49f8547eb9028e23f922593,32c6ab9b34f99cfd8c66da0fea5b0c70dc0706c86c6c72cf5345908c65d21ebf,8b79c5c30b5447a511bebeb2d55164bda8362887,g++ (Ubuntu 13.3.0-6ubuntu2~24.04.1) 13.3.0,-std=c++17 -O2 -DNDEBUG -Wall -Wextra -DAHC071_TIME_LIMIT=1.80 -DAHC071_BEAM_WIDTH=64
12,1,reference_w64,timed,64,10632,1.7766668330004904,0,1,1372,876,1369,aee705dcdff054fc2c02a6257dfe7ccf266c5d6df836167f7fd73f14a240cb8c,b45b8bb432e7eba92700f4872cdd1f55fe0bbef8c0d607324fcfd2210660799f,9264fe5e5e191ba388a0e5d165fc292c6722185f5292ed7da7262e9cc16e2fdc,32c6ab9b34f99cfd8c66da0fea5b0c70dc0706c86c6c72cf5345908c65d21ebf,8b79c5c30b5447a511bebeb2d55164bda8362887,g++ (Ubuntu 13.3.0-6ubuntu2~24.04.1) 13.3.0,-std=c++17 -O2 -DNDEBUG -Wall -Wextra -DAHC071_TIME_LIMIT=1.80 -DAHC071_BEAM_WIDTH=64
12,1,current_w64,timed,64,10632,1.7766545909980778,0,1,1372,877,1369,aee705dcdff054fc2c02a6257dfe7ccf266c5d6df836167f7fd73f14a240cb8c,b45b8bb432e7eba92700f4872cdd1f55fe0bbef8c0d607324fcfd2210660799f,190b732121b853ab794aed65b36c500bcec3d59ff49f8547eb9028e23f922593,32c6ab9b34f99cfd8c66da0fea5b0c70dc0706c86c6c72cf5345908c65d21ebf,8b79c5c30b5447a511bebeb2d55164bda8362887,g++ (Ubuntu 13.3.0-6ubuntu2~24.04.1) 13.3.0,-std=c++17 -O2 -DNDEBUG -Wall -Wextra -DAHC071_TIME_LIMIT=1.80 -DAHC071_BEAM_WIDTH=64
12,1,reference_w32,timed,32,10632,1.7764154770120513,0,1,1372,897,1369,aee705dcdff054fc2c02a6257dfe7ccf266c5d6df836167f7fd73f14a240cb8c,b45b8bb432e7eba92700f4872cdd1f55fe0bbef8c0d607324fcfd2210660799f,9264fe5e5e191ba388a0e5d165fc292c6722185f5292ed7da7262e9cc16e2fdc,32c6ab9b34f99cfd8c66da0fea5b0c70dc0706c86c6c72cf5345908c65d21ebf,8b79c5c30b5447a511bebeb2d55164bda8362887,g++ (Ubuntu 13.3.0-6ubuntu2~24.04.1) 13.3.0,-std=c++17 -O2 -DNDEBUG -Wall -Wextra -DAHC071_TIME_LIMIT=1.80 -DAHC071_BEAM_WIDTH=32
12,2,current_w64,timed,64,10632,1.7762767389940564,0,1,1372,866,1369,aee705dcdff054fc2c02a6257dfe7ccf266c5d6df836167f7fd73f14a240cb8c,b45b8bb432e7eba92700f4872cdd1f55fe0bbef8c0d607324fcfd2210660799f,190b732121b853ab794aed65b36c500bcec3d59ff49f8547eb9028e23f922593,32c6ab9b34f99cfd8c66da0fea5b0c70dc0706c86c6c72cf5345908c65d21ebf,8b79c5c30b5447a511bebeb2d55164bda8362887,g++ (Ubuntu 13.3.0-6ubuntu2~24.04.1) 13.3.0,-std=c++17 -O2 -DNDEBUG -Wall -Wextra -DAHC071_TIME_LIMIT=1.80 -DAHC071_BEAM_WIDTH=64
12,2,reference_w32,timed,32,10632,1.776502975000767,0,1,1372,861,1369,aee705dcdff054fc2c02a6257dfe7ccf266c5d6df836167f7fd73f14a240cb8c,b45b8bb432e7eba92700f4872cdd1f55fe0bbef8c0d607324fcfd2210660799f,9264fe5e5e191ba388a0e5d165fc292c6722185f5292ed7da7262e9cc16e2fdc,32c6ab9b34f99cfd8c66da0fea5b0c70dc0706c86c6c72cf5345908c65d21ebf,8b79c5c30b5447a511bebeb2d55164bda8362887,g++ (Ubuntu 13.3.0-6ubuntu2~24.04.1) 13.3.0,-std=c++17 -O2 -DNDEBUG -Wall -Wextra -DAHC071_TIME_LIMIT=1.80 -DAHC071_BEAM_WIDTH=32
12,2,reference_w64,timed,64,10632,1.7766437719983514,0,1,1372,859,1369,aee705dcdff054fc2c02a6257dfe7ccf266c5d6df836167f7fd73f14a240cb8c,b45b8bb432e7eba92700f4872cdd1f55fe0bbef8c0d607324fcfd2210660799f,9264fe5e5e191ba388a0e5d165fc292c6722185f5292ed7da7262e9cc16e2fdc,32c6ab9b34f99cfd8c66da0fea5b0c70dc0706c86c6c72cf5345908c65d21ebf,8b79c5c30b5447a511bebeb2d55164bda8362887,g++ (Ubuntu 13.3.0-6ubuntu2~24.04.1) 13.3.0,-std=c++17 -O2 -DNDEBUG -Wall -Wextra -DAHC071_TIME_LIMIT=1.80 -DAHC071_BEAM_WIDTH=64
13,0,reference_w64,timed,64,10658,1.776784872985445,0,1,1346,795,1343,2fb0e04efd85be4d02f2e071396ba6051860e1654deeb26773ec73c4e7707c7f,acd14fd3d0e90ead824ceefa29957a16eeed16dd228e92570cf84a5f54b12405,9264fe5e5e191ba388a0e5d165fc292c6722185f5292ed7da7262e9cc16e2fdc,32c6ab9b34f99cfd8c66da0fea5b0c70dc0706c86c6c72cf5345908c65d21ebf,8b79c5c30b5447a511bebeb2d55164bda8362887,g++ (Ubuntu 13.3.0-6ubuntu2~24.04.1) 13.3.0,-std=c++17 -O2 -DNDEBUG -Wall -Wextra -DAHC071_TIME_LIMIT=1.80 -DAHC071_BEAM_WIDTH=64
13,0,current_w64,timed,64,10658,1.7766165340144653,0,1,1346,794,1343,2fb0e04efd85be4d02f2e071396ba6051860e1654deeb26773ec73c4e7707c7f,acd14fd3d0e90ead824ceefa29957a16eeed16dd228e92570cf84a5f54b12405,190b732121b853ab794aed65b36c500bcec3d59ff49f8547eb9028e23f922593,32c6ab9b34f99cfd8c66da0fea5b0c70dc0706c86c6c72cf5345908c65d21ebf,8b79c5c30b5447a511bebeb2d55164bda8362887,g++ (Ubuntu 13.3.0-6ubuntu2~24.04.1) 13.3.0,-std=c++17 -O2 -DNDEBUG -Wall -Wextra -DAHC071_TIME_LIMIT=1.80 -DAHC071_BEAM_WIDTH=64
13,0,reference_w32,timed,32,10658,1.7763180769979954,0,1,1346,821,1343,2fb0e04efd85be4d02f2e071396ba6051860e1654deeb26773ec73c4e7707c7f,acd14fd3d0e90ead824ceefa29957a16eeed16dd228e92570cf84a5f54b12405,9264fe5e5e191ba388a0e5d165fc292c6722185f5292ed7da7262e9cc16e2fdc,32c6ab9b34f99cfd8c66da0fea5b0c70dc0706c86c6c72cf5345908c65d21ebf,8b79c5c30b5447a511bebeb2d55164bda8362887,g++ (Ubuntu 13.3.0-6ubuntu2~24.04.1) 13.3.0,-std=c++17 -O2 -DNDEBUG -Wall -Wextra -DAHC071_TIME_LIMIT=1.80 -DAHC071_BEAM_WIDTH=32
13,1,current_w64,timed,64,10658,1.7768351290142164,0,1,1346,820,1343,2fb0e04efd85be4d02f2e071396ba6051860e1654deeb26773ec73c4e7707c7f,acd14fd3d0e90ead824ceefa29957a16eeed16dd228e92570cf84a5f54b12405,190b732121b853ab794aed65b36c500bcec3d59ff49f8547eb9028e23f922593,32c6ab9b34f99cfd8c66da0fea5b0c70dc0706c86c6c72cf5345908c65d21ebf,8b79c5c30b5447a511bebeb2d55164bda8362887,g++ (Ubuntu 13.3.0-6ubuntu2~24.04.1) 13.3.0,-std=c++17 -O2 -DNDEBUG -Wall -Wextra -DAHC071_TIME_LIMIT=1.80 -DAHC071_BEAM_WIDTH=64
13,1,reference_w32,timed,32,10658,1.7764578810019884,0,1,1346,815,1343,2fb0e04efd85be4d02f2e071396ba6051860e1654deeb26773ec73c4e7707c7f,acd14fd3d0e90ead824ceefa29957a16eeed16dd228e92570cf84a5f54b12405,9264fe5e5e191ba388a0e5d165fc292c6722185f5292ed7da7262e9cc16e2fdc,32c6ab9b34f99cfd8c66da0fea5b0c70dc0706c86c6c72cf5345908c65d21ebf,8b79c5c30b5447a511bebeb2d55164bda8362887,g++ (Ubuntu 13.3.0-6ubuntu2~24.04.1) 13.3.0,-std=c++17 -O2 -DNDEBUG -Wall -Wextra -DAHC071_TIME_LIMIT=1.80 -DAHC071_BEAM_WIDTH=32
13,1,reference_w64,timed,64,10658,1.7767686680017505,0,1,1346,804,1343,2fb0e04efd85be4d02f2e071396ba6051860e1654deeb26773ec73c4e7707c7f,acd14fd3d0e90ead824ceefa29957a16eeed16dd228e92570cf84a5f54b12405,9264fe5e5e191ba388a0e5d165fc292c6722185f5292ed7da7262e9cc16e2fdc,32c6ab9b34f99cfd8c66da0fea5b0c70dc0706c86c6c72cf5345908c65d21ebf,8b79c5c30b5447a511bebeb2d55164bda8362887,g++ (Ubuntu 13.3.0-6ubuntu2~24.04.1) 13.3.0,-std=c++17 -O2 -DNDEBUG -Wall -Wextra -DAHC071_TIME_LIMIT=1.80 -DAHC071_BEAM_WIDTH=64
13,2,reference_w32,timed,32,10658,1.776412834005896,0,1,1346,810,1343,2fb0e04efd85be4d02f2e071396ba6051860e1654deeb26773ec73c4e7707c7f,acd14fd3d0e90ead824ceefa29957a16eeed16dd228e92570cf84a5f54b12405,9264fe5e5e191ba388a0e5d165fc292c6722185f5292ed7da7262e9cc16e2fdc,32c6ab9b34f99cfd8c66da0fea5b0c70dc0706c86c6c72cf5345908c65d21ebf,8b79c5c30b5447a511bebeb2d55164bda8362887,g++ (Ubuntu 13.3.0-6ubuntu2~24.04.1) 13.3.0,-std=c++17 -O2 -DNDEBUG -Wall -Wextra -DAHC071_TIME_LIMIT=1.80 -DAHC071_BEAM_WIDTH=32
13,2,reference_w64,timed,64,10658,1.7767192960018292,0,1,1346,810,1343,2fb0e04efd85be4d02f2e071396ba6051860e1654deeb26773ec73c4e7707c7f,acd14fd3d0e90ead824ceefa29957a16eeed16dd228e92570cf84a5f54b12405,9264fe5e5e191ba388a0e5d165fc292c6722185f5292ed7da7262e9cc16e2fdc,32c6ab9b34f99cfd8c66da0fea5b0c70dc0706c86c6c72cf5345908c65d21ebf,8b79c5c30b5447a511bebeb2d55164bda8362887,g++ (Ubuntu 13.3.0-6ubuntu2~24.04.1) 13.3.0,-std=c++17 -O2 -DNDEBUG -Wall -Wextra -DAHC071_TIME_LIMIT=1.80 -DAHC071_BEAM_WIDTH=64
13,2,current_w64,timed,64,10658,1.776474624988623,0,1,1346,795,1343,2fb0e04efd85be4d02f2e071396ba6051860e1654deeb26773ec73c4e7707c7f,acd14fd3d0e90ead824ceefa29957a16eeed16dd228e92570cf84a5f54b12405,190b732121b853ab794aed65b36c500bcec3d59ff49f8547eb9028e23f922593,32c6ab9b34f99cfd8c66da0fea5b0c70dc0706c86c6c72cf5345908c65d21ebf,8b79c5c30b5447a511bebeb2d55164bda8362887,g++ (Ubuntu 13.3.0-6ubuntu2~24.04.1) 13.3.0,-std=c++17 -O2 -DNDEBUG -Wall -Wextra -DAHC071_TIME_LIMIT=1.80 -DAHC071_BEAM_WIDTH=64
14,0,current_w64,timed,64,10622,1.7768365730007645,0,1,1383,772,1379,07230caf46c876261cc5bdd6205a5fc69a689febec26c310f81c96a5fb33f996,691334b7bfbc0f41101db842da17bc4bdf97dc1f1eca8209d0ceddc918a20bac,190b732121b853ab794aed65b36c500bcec3d59ff49f8547eb9028e23f922593,32c6ab9b34f99cfd8c66da0fea5b0c70dc0706c86c6c72cf5345908c65d21ebf,8b79c5c30b5447a511bebeb2d55164bda8362887,g++ (Ubuntu 13.3.0-6ubuntu2~24.04.1) 13.3.0,-std=c++17 -O2 -DNDEBUG -Wall -Wextra -DAHC071_TIME_LIMIT=1.80 -DAHC071_BEAM_WIDTH=64
14,0,reference_w32,timed,32,10622,1.7763580140017439,0,1,1383,792,1379,07230caf46c876261cc5bdd6205a5fc69a689febec26c310f81c96a5fb33f996,691334b7bfbc0f41101db842da17bc4bdf97dc1f1eca8209d0ceddc918a20bac,9264fe5e5e191ba388a0e5d165fc292c6722185f5292ed7da7262e9cc16e2fdc,32c6ab9b34f99cfd8c66da0fea5b0c70dc0706c86c6c72cf5345908c65d21ebf,8b79c5c30b5447a511bebeb2d55164bda8362887,g++ (Ubuntu 13.3.0-6ubuntu2~24.04.1) 13.3.0,-std=c++17 -O2 -DNDEBUG -Wall -Wextra -DAHC071_TIME_LIMIT=1.80 -DAHC071_BEAM_WIDTH=32
14,0,reference_w64,timed,64,10622,1.7767670419998467,0,1,1383,647,1379,07230caf46c876261cc5bdd6205a5fc69a689febec26c310f81c96a5fb33f996,691334b7bfbc0f41101db842da17bc4bdf97dc1f1eca8209d0ceddc918a20bac,9264fe5e5e191ba388a0e5d165fc292c6722185f5292ed7da7262e9cc16e2fdc,32c6ab9b34f99cfd8c66da0fea5b0c70dc0706c86c6c72cf5345908c65d21ebf,8b79c5c30b5447a511bebeb2d55164bda8362887,g++ (Ubuntu 13.3.0-6ubuntu2~24.04.1) 13.3.0,-std=c++17 -O2 -DNDEBUG -Wall -Wextra -DAHC071_TIME_LIMIT=1.80 -DAHC071_BEAM_WIDTH=64
14,1,reference_w32,timed,32,10622,1.776436627988005,0,1,1383,801,1379,07230caf46c876261cc5bdd6205a5fc69a689febec26c310f81c96a5fb33f996,691334b7bfbc0f41101db842da17bc4bdf97dc1f1eca8209d0ceddc918a20bac,9264fe5e5e191ba388a0e5d165fc292c6722185f5292ed7da7262e9cc16e2fdc,32c6ab9b34f99cfd8c66da0fea5b0c70dc0706c86c6c72cf5345908c65d21ebf,8b79c5c30b5447a511bebeb2d55164bda8362887,g++ (Ubuntu 13.3.0-6ubuntu2~24.04.1) 13.3.0,-std=c++17 -O2 -DNDEBUG -Wall -Wextra -DAHC071_TIME_LIMIT=1.80 -DAHC071_BEAM_WIDTH=32
14,1,reference_w64,timed,64,10622,1.7764978269988205,0,1,1383,770,1379,07230caf46c876261cc5bdd6205a5fc69a689febec26c310f81c96a5fb33f996,691334b7bfbc0f41101db842da17bc4bdf97dc1f1eca8209d0ceddc918a20bac,9264fe5e5e191ba388a0e5d165fc292c6722185f5292ed7da7262e9cc16e2fdc,32c6ab9b34f99cfd8c66da0fea5b0c70dc0706c86c6c72cf5345908c65d21ebf,8b79c5c30b5447a511bebeb2d55164bda8362887,g++ (Ubuntu 13.3.0-6ubuntu2~24.04.1) 13.3.0,-std=c++17 -O2 -DNDEBUG -Wall -Wextra -DAHC071_TIME_LIMIT=1.80 -DAHC071_BEAM_WIDTH=64
14,1,current_w64,timed,64,10622,1.7762802740035113,0,1,1383,792,1379,07230caf46c876261cc5bdd6205a5fc69a689febec26c310f81c96a5fb33f996,691334b7bfbc0f41101db842da17bc4bdf97dc1f1eca8209d0ceddc918a20bac,190b732121b853ab794aed65b36c500bcec3d59ff49f8547eb9028e23f922593,32c6ab9b34f99cfd8c66da0fea5b0c70dc0706c86c6c72cf5345908c65d21ebf,8b79c5c30b5447a511bebeb2d55164bda8362887,g++ (Ubuntu 13.3.0-6ubuntu2~24.04.1) 13.3.0,-std=c++17 -O2 -DNDEBUG -Wall -Wextra -DAHC071_TIME_LIMIT=1.80 -DAHC071_BEAM_WIDTH=64
14,2,reference_w64,timed,64,10622,1.776699243026087,0,1,1383,797,1379,07230caf46c876261cc5bdd6205a5fc69a689febec26c310f81c96a5fb33f996,691334b7bfbc0f41101db842da17bc4bdf97dc1f1eca8209d0ceddc918a20bac,9264fe5e5e191ba388a0e5d165fc292c6722185f5292ed7da7262e9cc16e2fdc,32c6ab9b34f99cfd8c66da0fea5b0c70dc0706c86c6c72cf5345908c65d21ebf,8b79c5c30b5447a511bebeb2d55164bda8362887,g++ (Ubuntu 13.3.0-6ubuntu2~24.04.1) 13.3.0,-std=c++17 -O2 -DNDEBUG -Wall -Wextra -DAHC071_TIME_LIMIT=1.80 -DAHC071_BEAM_WIDTH=64
14,2,current_w64,timed,64,10622,1.7765544379944913,0,1,1383,801,1379,07230caf46c876261cc5bdd6205a5fc69a689febec26c310f81c96a5fb33f996,691334b7bfbc0f41101db842da17bc4bdf97dc1f1eca8209d0ceddc918a20bac,190b732121b853ab794aed65b36c500bcec3d59ff49f8547eb9028e23f922593,32c6ab9b34f99cfd8c66da0fea5b0c70dc0706c86c6c72cf5345908c65d21ebf,8b79c5c30b5447a511bebeb2d55164bda8362887,g++ (Ubuntu 13.3.0-6ubuntu2~24.04.1) 13.3.0,-std=c++17 -O2 -DNDEBUG -Wall -Wextra -DAHC071_TIME_LIMIT=1.80 -DAHC071_BEAM_WIDTH=64
14,2,reference_w32,timed,32,10622,1.7766349170124158,0,1,1383,782,1379,07230caf46c876261cc5bdd6205a5fc69a689febec26c310f81c96a5fb33f996,691334b7bfbc0f41101db842da17bc4bdf97dc1f1eca8209d0ceddc918a20bac,9264fe5e5e191ba388a0e5d165fc292c6722185f5292ed7da7262e9cc16e2fdc,32c6ab9b34f99cfd8c66da0fea5b0c70dc0706c86c6c72cf5345908c65d21ebf,8b79c5c30b5447a511bebeb2d55164bda8362887,g++ (Ubuntu 13.3.0-6ubuntu2~24.04.1) 13.3.0,-std=c++17 -O2 -DNDEBUG -Wall -Wextra -DAHC071_TIME_LIMIT=1.80 -DAHC071_BEAM_WIDTH=32
15,0,reference_w32,timed,32,10520,1.776742899994133,0,2,1482,881,1481,b456ed40ee219bccefd4a7b6f5f13551519b982b057fc566eade0617b1e29af1,3db4b5d53064e097a7d9651b1f6864aad641f27884cb3e75db0a0f207bccc31a,9264fe5e5e191ba388a0e5d165fc292c6722185f5292ed7da7262e9cc16e2fdc,32c6ab9b34f99cfd8c66da0fea5b0c70dc0706c86c6c72cf5345908c65d21ebf,8b79c5c30b5447a511bebeb2d55164bda8362887,g++ (Ubuntu 13.3.0-6ubuntu2~24.04.1) 13.3.0,-std=c++17 -O2 -DNDEBUG -Wall -Wextra -DAHC071_TIME_LIMIT=1.80 -DAHC071_BEAM_WIDTH=32
15,0,reference_w64,timed,64,10520,1.7767893169948366,0,1,1481,877,1481,b456ed40ee219bccefd4a7b6f5f13551519b982b057fc566eade0617b1e29af1,fcfa5652eb9e83a33bb367bcb197d2bdfb172b7a07d7588dcdf5323a650556f5,9264fe5e5e191ba388a0e5d165fc292c6722185f5292ed7da7262e9cc16e2fdc,32c6ab9b34f99cfd8c66da0fea5b0c70dc0706c86c6c72cf5345908c65d21ebf,8b79c5c30b5447a511bebeb2d55164bda8362887,g++ (Ubuntu 13.3.0-6ubuntu2~24.04.1) 13.3.0,-std=c++17 -O2 -DNDEBUG -Wall -Wextra -DAHC071_TIME_LIMIT=1.80 -DAHC071_BEAM_WIDTH=64
15,0,current_w64,timed,64,10520,1.7761878500168677,0,1,1481,856,1481,b456ed40ee219bccefd4a7b6f5f13551519b982b057fc566eade0617b1e29af1,fcfa5652eb9e83a33bb367bcb197d2bdfb172b7a07d7588dcdf5323a650556f5,190b732121b853ab794aed65b36c500bcec3d59ff49f8547eb9028e23f922593,32c6ab9b34f99cfd8c66da0fea5b0c70dc0706c86c6c72cf5345908c65d21ebf,8b79c5c30b5447a511bebeb2d55164bda8362887,g++ (Ubuntu 13.3.0-6ubuntu2~24.04.1) 13.3.0,-std=c++17 -O2 -DNDEBUG -Wall -Wextra -DAHC071_TIME_LIMIT=1.80 -DAHC071_BEAM_WIDTH=64
15,1,reference_w64,timed,64,10520,1.7766013100044802,0,1,1481,866,1481,b456ed40ee219bccefd4a7b6f5f13551519b982b057fc566eade0617b1e29af1,fcfa5652eb9e83a33bb367bcb197d2bdfb172b7a07d7588dcdf5323a650556f5,9264fe5e5e191ba388a0e5d165fc292c6722185f5292ed7da7262e9cc16e2fdc,32c6ab9b34f99cfd8c66da0fea5b0c70dc0706c86c6c72cf5345908c65d21ebf,8b79c5c30b5447a511bebeb2d55164bda8362887,g++ (Ubuntu 13.3.0-6ubuntu2~24.04.1) 13.3.0,-std=c++17 -O2 -DNDEBUG -Wall -Wextra -DAHC071_TIME_LIMIT=1.80 -DAHC071_BEAM_WIDTH=64
15,1,current_w64,timed,64,10520,1.7763560170133132,0,1,1481,889,1481,b456ed40ee219bccefd4a7b6f5f13551519b982b057fc566eade0617b1e29af1,fcfa5652eb9e83a33bb367bcb197d2bdfb172b7a07d7588dcdf5323a650556f5,190b732121b853ab794aed65b36c500bcec3d59ff49f8547eb9028e23f922593,32c6ab9b34f99cfd8c66da0fea5b0c70dc0706c86c6c72cf5345908c65d21ebf,8b79c5c30b5447a511bebeb2d55164bda8362887,g++ (Ubuntu 13.3.0-6ubuntu2~24.04.1) 13.3.0,-std=c++17 -O2 -DNDEBUG -Wall -Wextra -DAHC071_TIME_LIMIT=1.80 -DAHC071_BEAM_WIDTH=64
15,1,reference_w32,timed,32,10520,1.776677985995775,0,2,1482,889,1481,b456ed40ee219bccefd4a7b6f5f13551519b982b057fc566eade0617b1e29af1,3db4b5d53064e097a7d9651b1f6864aad641f27884cb3e75db0a0f207bccc31a,9264fe5e5e191ba388a0e5d165fc292c6722185f5292ed7da7262e9cc16e2fdc,32c6ab9b34f99cfd8c66da0fea5b0c70dc0706c86c6c72cf5345908c65d21ebf,8b79c5c30b5447a511bebeb2d55164bda8362887,g++ (Ubuntu 13.3.0-6ubuntu2~24.04.1) 13.3.0,-std=c++17 -O2 -DNDEBUG -Wall -Wextra -DAHC071_TIME_LIMIT=1.80 -DAHC071_BEAM_WIDTH=32
15,2,current_w64,timed,64,10520,1.776266872009728,0,1,1481,889,1481,b456ed40ee219bccefd4a7b6f5f13551519b982b057fc566eade0617b1e29af1,fcfa5652eb9e83a33bb367bcb197d2bdfb172b7a07d7588dcdf5323a650556f5,190b732121b853ab794aed65b36c500bcec3d59ff49f8547eb9028e23f922593,32c6ab9b34f99cfd8c66da0fea5b0c70dc0706c86c6c72cf5345908c65d21ebf,8b79c5c30b5447a511bebeb2d55164bda8362887,g++ (Ubuntu 13.3.0-6ubuntu2~24.04.1) 13.3.0,-std=c++17 -O2 -DNDEBUG -Wall -Wextra -DAHC071_TIME_LIMIT=1.80 -DAHC071_BEAM_WIDTH=64
15,2,reference_w32,timed,32,10520,1.7766904970048927,0,2,1482,873,1481,b456ed40ee219bccefd4a7b6f5f13551519b982b057fc566eade0617b1e29af1,3db4b5d53064e097a7d9651b1f6864aad641f27884cb3e75db0a0f207bccc31a,9264fe5e5e191ba388a0e5d165fc292c6722185f5292ed7da7262e9cc16e2fdc,32c6ab9b34f99cfd8c66da0fea5b0c70dc0706c86c6c72cf5345908c65d21ebf,8b79c5c30b5447a511bebeb2d55164bda8362887,g++ (Ubuntu 13.3.0-6ubuntu2~24.04.1) 13.3.0,-std=c++17 -O2 -DNDEBUG -Wall -Wextra -DAHC071_TIME_LIMIT=1.80 -DAHC071_BEAM_WIDTH=32
15,2,reference_w64,timed,64,10520,1.7764360680012032,0,1,1481,886,1481,b456ed40ee219bccefd4a7b6f5f13551519b982b057fc566eade0617b1e29af1,fcfa5652eb9e83a33bb367bcb197d2bdfb172b7a07d7588dcdf5323a650556f5,9264fe5e5e191ba388a0e5d165fc292c6722185f5292ed7da7262e9cc16e2fdc,32c6ab9b34f99cfd8c66da0fea5b0c70dc0706c86c6c72cf5345908c65d21ebf,8b79c5c30b5447a511bebeb2d55164bda8362887,g++ (Ubuntu 13.3.0-6ubuntu2~24.04.1) 13.3.0,-std=c++17 -O2 -DNDEBUG -Wall -Wextra -DAHC071_TIME_LIMIT=1.80 -DAHC071_BEAM_WIDTH=64
16,0,reference_w64,timed,64,10628,1.7771499090013094,0,1,1373,870,1373,a5acfc7543bb093763a30e6002002989095ab97ea16c4af7b0494aadbb1fede4,19327ab7826ea78168bb39cd99b0c4404ff15c63da604522350b16186acfdef2,9264fe5e5e191ba388a0e5d165fc292c6722185f5292ed7da7262e9cc16e2fdc,32c6ab9b34f99cfd8c66da0fea5b0c70dc0706c86c6c72cf5345908c65d21ebf,8b79c5c30b5447a511bebeb2d55164bda8362887,g++ (Ubuntu 13.3.0-6ubuntu2~24.04.1) 13.3.0,-std=c++17 -O2 -DNDEBUG -Wall -Wextra -DAHC071_TIME_LIMIT=1.80 -DAHC071_BEAM_WIDTH=64
16,0,current_w64,timed,64,10628,1.7764014519925695,0,1,1373,854,1373,a5acfc7543bb093763a30e6002002989095ab97ea16c4af7b0494aadbb1fede4,19327ab7826ea78168bb39cd99b0c4404ff15c63da604522350b16186acfdef2,190b732121b853ab794aed65b36c500bcec3d59ff49f8547eb9028e23f922593,32c6ab9b34f99cfd8c66da0fea5b0c70dc0706c86c6c72cf5345908c65d21ebf,8b79c5c30b5447a511bebeb2d55164bda8362887,g++ (Ubuntu 13.3.0-6ubuntu2~24.04.1) 13.3.0,-std=c++17 -O2 -DNDEBUG -Wall -Wextra -DAHC071_TIME_LIMIT=1.80 -DAHC071_BEAM_WIDTH=64
16,0,reference_w32,timed,32,10628,1.7763888180197682,0,1,1373,896,1373,a5acfc7543bb093763a30e6002002989095ab97ea16c4af7b0494aadbb1fede4,19327ab7826ea78168bb39cd99b0c4404ff15c63da604522350b16186acfdef2,9264fe5e5e191ba388a0e5d165fc292c6722185f5292ed7da7262e9cc16e2fdc,32c6ab9b34f99cfd8c66da0fea5b0c70dc0706c86c6c72cf5345908c65d21ebf,8b79c5c30b5447a511bebeb2d55164bda8362887,g++ (Ubuntu 13.3.0-6ubuntu2~24.04.1) 13.3.0,-std=c++17 -O2 -DNDEBUG -Wall -Wextra -DAHC071_TIME_LIMIT=1.80 -DAHC071_BEAM_WIDTH=32
16,1,current_w64,timed,64,10628,1.7765415200265124,0,1,1373,862,1373,a5acfc7543bb093763a30e6002002989095ab97ea16c4af7b0494aadbb1fede4,19327ab7826ea78168bb39cd99b0c4404ff15c63da604522350b16186acfdef2,190b732121b853ab794aed65b36c500bcec3d59ff49f8547eb9028e23f922593,32c6ab9b34f99cfd8c66da0fea5b0c70dc0706c86c6c72cf5345908c65d21ebf,8b79c5c30b5447a511bebeb2d55164bda8362887,g++ (Ubuntu 13.3.0-6ubuntu2~24.04.1) 13.3.0,-std=c++17 -O2 -DNDEBUG -Wall -Wextra -DAHC071_TIME_LIMIT=1.80 -DAHC071_BEAM_WIDTH=64
16,1,reference_w32,timed,32,10628,1.776835351018235,0,1,1373,870,1373,a5acfc7543bb093763a30e6002002989095ab97ea16c4af7b0494aadbb1fede4,19327ab7826ea78168bb39cd99b0c4404ff15c63da604522350b16186acfdef2,9264fe5e5e191ba388a0e5d165fc292c6722185f5292ed7da7262e9cc16e2fdc,32c6ab9b34f99cfd8c66da0fea5b0c70dc0706c86c6c72cf5345908c65d21ebf,8b79c5c30b5447a511bebeb2d55164bda8362887,g++ (Ubuntu 13.3.0-6ubuntu2~24.04.1) 13.3.0,-std=c++17 -O2 -DNDEBUG -Wall -Wextra -DAHC071_TIME_LIMIT=1.80 -DAHC071_BEAM_WIDTH=32
16,1,reference_w64,timed,64,10628,1.7766180920007173,0,1,1373,859,1373,a5acfc7543bb093763a30e6002002989095ab97ea16c4af7b0494aadbb1fede4,19327ab7826ea78168bb39cd99b0c4404ff15c63da604522350b16186acfdef2,9264fe5e5e191ba388a0e5d165fc292c6722185f5292ed7da7262e9cc16e2fdc,32c6ab9b34f99cfd8c66da0fea5b0c70dc0706c86c6c72cf5345908c65d21ebf,8b79c5c30b5447a511bebeb2d55164bda8362887,g++ (Ubuntu 13.3.0-6ubuntu2~24.04.1) 13.3.0,-std=c++17 -O2 -DNDEBUG -Wall -Wextra -DAHC071_TIME_LIMIT=1.80 -DAHC071_BEAM_WIDTH=64
16,2,reference_w32,timed,32,10628,1.7767640350211877,0,1,1373,854,1373,a5acfc7543bb093763a30e6002002989095ab97ea16c4af7b0494aadbb1fede4,19327ab7826ea78168bb39cd99b0c4404ff15c63da604522350b16186acfdef2,9264fe5e5e191ba388a0e5d165fc292c6722185f5292ed7da7262e9cc16e2fdc,32c6ab9b34f99cfd8c66da0fea5b0c70dc0706c86c6c72cf5345908c65d21ebf,8b79c5c30b5447a511bebeb2d55164bda8362887,g++ (Ubuntu 13.3.0-6ubuntu2~24.04.1) 13.3.0,-std=c++17 -O2 -DNDEBUG -Wall -Wextra -DAHC071_TIME_LIMIT=1.80 -DAHC071_BEAM_WIDTH=32
16,2,reference_w64,timed,64,10628,1.7765721490141004,0,1,1373,856,1373,a5acfc7543bb093763a30e6002002989095ab97ea16c4af7b0494aadbb1fede4,19327ab7826ea78168bb39cd99b0c4404ff15c63da604522350b16186acfdef2,9264fe5e5e191ba388a0e5d165fc292c6722185f5292ed7da7262e9cc16e2fdc,32c6ab9b34f99cfd8c66da0fea5b0c70dc0706c86c6c72cf5345908c65d21ebf,8b79c5c30b5447a511bebeb2d55164bda8362887,g++ (Ubuntu 13.3.0-6ubuntu2~24.04.1) 13.3.0,-std=c++17 -O2 -DNDEBUG -Wall -Wextra -DAHC071_TIME_LIMIT=1.80 -DAHC071_BEAM_WIDTH=64
16,2,current_w64,timed,64,10628,1.7772861290141009,0,1,1373,879,1373,a5acfc7543bb093763a30e6002002989095ab97ea16c4af7b0494aadbb1fede4,19327ab7826ea78168bb39cd99b0c4404ff15c63da604522350b16186acfdef2,190b732121b853ab794aed65b36c500bcec3d59ff49f8547eb9028e23f922593,32c6ab9b34f99cfd8c66da0fea5b0c70dc0706c86c6c72cf5345908c65d21ebf,8b79c5c30b5447a511bebeb2d55164bda8362887,g++ (Ubuntu 13.3.0-6ubuntu2~24.04.1) 13.3.0,-std=c++17 -O2 -DNDEBUG -Wall -Wextra -DAHC071_TIME_LIMIT=1.80 -DAHC071_BEAM_WIDTH=64
17,0,current_w64,timed,64,10694,1.7772352600004524,0,1,1309,773,1307,331f991929bed4cfb194ca22d1b195eaa6c768f6e7a355177d79b5e5fa4350d7,1995f862a73a749abd79036f838a41baa1af530a323ba4537e5f203913545278,190b732121b853ab794aed65b36c500bcec3d59ff49f8547eb9028e23f922593,32c6ab9b34f99cfd8c66da0fea5b0c70dc0706c86c6c72cf5345908c65d21ebf,8b79c5c30b5447a511bebeb2d55164bda8362887,g++ (Ubuntu 13.3.0-6ubuntu2~24.04.1) 13.3.0,-std=c++17 -O2 -DNDEBUG -Wall -Wextra -DAHC071_TIME_LIMIT=1.80 -DAHC071_BEAM_WIDTH=64
17,0,reference_w32,timed,32,10692,1.776608918007696,0,1,1312,785,1309,331f991929bed4cfb194ca22d1b195eaa6c768f6e7a355177d79b5e5fa4350d7,56dd19b9a5434ac397f5be7d908b9bc2fc19e9319a1735d11d761bd5b2ed47a4,9264fe5e5e191ba388a0e5d165fc292c6722185f5292ed7da7262e9cc16e2fdc,32c6ab9b34f99cfd8c66da0fea5b0c70dc0706c86c6c72cf5345908c65d21ebf,8b79c5c30b5447a511bebeb2d55164bda8362887,g++ (Ubuntu 13.3.0-6ubuntu2~24.04.1) 13.3.0,-std=c++17 -O2 -DNDEBUG -Wall -Wextra -DAHC071_TIME_LIMIT=1.80 -DAHC071_BEAM_WIDTH=32
17,0,reference_w64,timed,64,10694,1.77638579098857,0,1,1309,747,1307,331f991929bed4cfb194ca22d1b195eaa6c768f6e7a355177d79b5e5fa4350d7,1995f862a73a749abd79036f838a41baa1af530a323ba4537e5f203913545278,9264fe5e5e191ba388a0e5d165fc292c6722185f5292ed7da7262e9cc16e2fdc,32c6ab9b34f99cfd8c66da0fea5b0c70dc0706c86c6c72cf5345908c65d21ebf,8b79c5c30b5447a511bebeb2d55164bda8362887,g++ (Ubuntu 13.3.0-6ubuntu2~24.04.1) 13.3.0,-std=c++17 -O2 -DNDEBUG -Wall -Wextra -DAHC071_TIME_LIMIT=1.80 -DAHC071_BEAM_WIDTH=64
17,1,reference_w32,timed,32,10692,1.7767138479975984,0,1,1312,809,1309,331f991929bed4cfb194ca22d1b195eaa6c768f6e7a355177d79b5e5fa4350d7,56dd19b9a5434ac397f5be7d908b9bc2fc19e9319a1735d11d761bd5b2ed47a4,9264fe5e5e191ba388a0e5d165fc292c6722185f5292ed7da7262e9cc16e2fdc,32c6ab9b34f99cfd8c66da0fea5b0c70dc0706c86c6c72cf5345908c65d21ebf,8b79c5c30b5447a511bebeb2d55164bda8362887,g++ (Ubuntu 13.3.0-6ubuntu2~24.04.1) 13.3.0,-std=c++17 -O2 -DNDEBUG -Wall -Wextra -DAHC071_TIME_LIMIT=1.80 -DAHC071_BEAM_WIDTH=32
17,1,reference_w64,timed,64,10694,1.776368853985332,0,1,1309,769,1307,331f991929bed4cfb194ca22d1b195eaa6c768f6e7a355177d79b5e5fa4350d7,1995f862a73a749abd79036f838a41baa1af530a323ba4537e5f203913545278,9264fe5e5e191ba388a0e5d165fc292c6722185f5292ed7da7262e9cc16e2fdc,32c6ab9b34f99cfd8c66da0fea5b0c70dc0706c86c6c72cf5345908c65d21ebf,8b79c5c30b5447a511bebeb2d55164bda8362887,g++ (Ubuntu 13.3.0-6ubuntu2~24.04.1) 13.3.0,-std=c++17 -O2 -DNDEBUG -Wall -Wextra -DAHC071_TIME_LIMIT=1.80 -DAHC071_BEAM_WIDTH=64
17,1,current_w64,timed,64,10694,1.776643896009773,0,1,1309,751,1307,331f991929bed4cfb194ca22d1b195eaa6c768f6e7a355177d79b5e5fa4350d7,1995f862a73a749abd79036f838a41baa1af530a323ba4537e5f203913545278,190b732121b853ab794aed65b36c500bcec3d59ff49f8547eb9028e23f922593,32c6ab9b34f99cfd8c66da0fea5b0c70dc0706c86c6c72cf5345908c65d21ebf,8b79c5c30b5447a511bebeb2d55164bda8362887,g++ (Ubuntu 13.3.0-6ubuntu2~24.04.1) 13.3.0,-std=c++17 -O2 -DNDEBUG -Wall -Wextra -DAHC071_TIME_LIMIT=1.80 -DAHC071_BEAM_WIDTH=64
17,2,reference_w64,timed,64,10694,1.7764747030159924,0,1,1309,755,1307,331f991929bed4cfb194ca22d1b195eaa6c768f6e7a355177d79b5e5fa4350d7,1995f862a73a749abd79036f838a41baa1af530a323ba4537e5f203913545278,9264fe5e5e191ba388a0e5d165fc292c6722185f5292ed7da7262e9cc16e2fdc,32c6ab9b34f99cfd8c66da0fea5b0c70dc0706c86c6c72cf5345908c65d21ebf,8b79c5c30b5447a511bebeb2d55164bda8362887,g++ (Ubuntu 13.3.0-6ubuntu2~24.04.1) 13.3.0,-std=c++17 -O2 -DNDEBUG -Wall -Wextra -DAHC071_TIME_LIMIT=1.80 -DAHC071_BEAM_WIDTH=64
17,2,current_w64,timed,64,10694,1.7764585120021366,0,1,1309,761,1307,331f991929bed4cfb194ca22d1b195eaa6c768f6e7a355177d79b5e5fa4350d7,1995f862a73a749abd79036f838a41baa1af530a323ba4537e5f203913545278,190b732121b853ab794aed65b36c500bcec3d59ff49f8547eb9028e23f922593,32c6ab9b34f99cfd8c66da0fea5b0c70dc0706c86c6c72cf5345908c65d21ebf,8b79c5c30b5447a511bebeb2d55164bda8362887,g++ (Ubuntu 13.3.0-6ubuntu2~24.04.1) 13.3.0,-std=c++17 -O2 -DNDEBUG -Wall -Wextra -DAHC071_TIME_LIMIT=1.80 -DAHC071_BEAM_WIDTH=64
17,2,reference_w32,timed,32,10692,1.7764428649970796,0,1,1312,813,1309,331f991929bed4cfb194ca22d1b195eaa6c768f6e7a355177d79b5e5fa4350d7,56dd19b9a5434ac397f5be7d908b9bc2fc19e9319a1735d11d761bd5b2ed47a4,9264fe5e5e191ba388a0e5d165fc292c6722185f5292ed7da7262e9cc16e2fdc,32c6ab9b34f99cfd8c66da0fea5b0c70dc0706c86c6c72cf5345908c65d21ebf,8b79c5c30b5447a511bebeb2d55164bda8362887,g++ (Ubuntu 13.3.0-6ubuntu2~24.04.1) 13.3.0,-std=c++17 -O2 -DNDEBUG -Wall -Wextra -DAHC071_TIME_LIMIT=1.80 -DAHC071_BEAM_WIDTH=32
18,0,reference_w32,timed,32,10572,1.7773093380092178,0,2,1430,841,1429,56762ea1542af377cb3690cdf086003b5ee3146c290a2a0c9c184a34a2b89eea,f40cb4274e3f5edfa36324ed4b9c42fd3c4749ab3cb8c2d4c9a5a8af5206fa97,9264fe5e5e191ba388a0e5d165fc292c6722185f5292ed7da7262e9cc16e2fdc,32c6ab9b34f99cfd8c66da0fea5b0c70dc0706c86c6c72cf5345908c65d21ebf,8b79c5c30b5447a511bebeb2d55164bda8362887,g++ (Ubuntu 13.3.0-6ubuntu2~24.04.1) 13.3.0,-std=c++17 -O2 -DNDEBUG -Wall -Wextra -DAHC071_TIME_LIMIT=1.80 -DAHC071_BEAM_WIDTH=32
18,0,reference_w64,timed,64,10572,1.7767148739949334,0,3,1430,757,1429,56762ea1542af377cb3690cdf086003b5ee3146c290a2a0c9c184a34a2b89eea,c5178ae85a6ed703e23118d5c9ef6aa553c0b637d0a72598ce55383c2d512777,9264fe5e5e191ba388a0e5d165fc292c6722185f5292ed7da7262e9cc16e2fdc,32c6ab9b34f99cfd8c66da0fea5b0c70dc0706c86c6c72cf5345908c65d21ebf,8b79c5c30b5447a511bebeb2d55164bda8362887,g++ (Ubuntu 13.3.0-6ubuntu2~24.04.1) 13.3.0,-std=c++17 -O2 -DNDEBUG -Wall -Wextra -DAHC071_TIME_LIMIT=1.80 -DAHC071_BEAM_WIDTH=64
18,0,current_w64,timed,64,10572,1.7763196290179621,0,3,1430,792,1429,56762ea1542af377cb3690cdf086003b5ee3146c290a2a0c9c184a34a2b89eea,c5178ae85a6ed703e23118d5c9ef6aa553c0b637d0a72598ce55383c2d512777,190b732121b853ab794aed65b36c500bcec3d59ff49f8547eb9028e23f922593,32c6ab9b34f99cfd8c66da0fea5b0c70dc0706c86c6c72cf5345908c65d21ebf,8b79c5c30b5447a511bebeb2d55164bda8362887,g++ (Ubuntu 13.3.0-6ubuntu2~24.04.1) 13.3.0,-std=c++17 -O2 -DNDEBUG -Wall -Wextra -DAHC071_TIME_LIMIT=1.80 -DAHC071_BEAM_WIDTH=64
18,1,reference_w64,timed,64,10572,1.776486778020626,0,3,1430,758,1429,56762ea1542af377cb3690cdf086003b5ee3146c290a2a0c9c184a34a2b89eea,c5178ae85a6ed703e23118d5c9ef6aa553c0b637d0a72598ce55383c2d512777,9264fe5e5e191ba388a0e5d165fc292c6722185f5292ed7da7262e9cc16e2fdc,32c6ab9b34f99cfd8c66da0fea5b0c70dc0706c86c6c72cf5345908c65d21ebf,8b79c5c30b5447a511bebeb2d55164bda8362887,g++ (Ubuntu 13.3.0-6ubuntu2~24.04.1) 13.3.0,-std=c++17 -O2 -DNDEBUG -Wall -Wextra -DAHC071_TIME_LIMIT=1.80 -DAHC071_BEAM_WIDTH=64
18,1,current_w64,timed,64,10572,1.776349711988587,0,3,1430,763,1429,56762ea1542af377cb3690cdf086003b5ee3146c290a2a0c9c184a34a2b89eea,c5178ae85a6ed703e23118d5c9ef6aa553c0b637d0a72598ce55383c2d512777,190b732121b853ab794aed65b36c500bcec3d59ff49f8547eb9028e23f922593,32c6ab9b34f99cfd8c66da0fea5b0c70dc0706c86c6c72cf5345908c65d21ebf,8b79c5c30b5447a511bebeb2d55164bda8362887,g++ (Ubuntu 13.3.0-6ubuntu2~24.04.1) 13.3.0,-std=c++17 -O2 -DNDEBUG -Wall -Wextra -DAHC071_TIME_LIMIT=1.80 -DAHC071_BEAM_WIDTH=64
18,1,reference_w32,timed,32,10572,1.7764664340065792,0,2,1430,830,1429,56762ea1542af377cb3690cdf086003b5ee3146c290a2a0c9c184a34a2b89eea,f40cb4274e3f5edfa36324ed4b9c42fd3c4749ab3cb8c2d4c9a5a8af5206fa97,9264fe5e5e191ba388a0e5d165fc292c6722185f5292ed7da7262e9cc16e2fdc,32c6ab9b34f99cfd8c66da0fea5b0c70dc0706c86c6c72cf5345908c65d21ebf,8b79c5c30b5447a511bebeb2d55164bda8362887,g++ (Ubuntu 13.3.0-6ubuntu2~24.04.1) 13.3.0,-std=c++17 -O2 -DNDEBUG -Wall -Wextra -DAHC071_TIME_LIMIT=1.80 -DAHC071_BEAM_WIDTH=32
18,2,current_w64,timed,64,10572,1.7764379259897396,0,3,1430,805,1429,56762ea1542af377cb3690cdf086003b5ee3146c290a2a0c9c184a34a2b89eea,c5178ae85a6ed703e23118d5c9ef6aa553c0b637d0a72598ce55383c2d512777,190b732121b853ab794aed65b36c500bcec3d59ff49f8547eb9028e23f922593,32c6ab9b34f99cfd8c66da0fea5b0c70dc0706c86c6c72cf5345908c65d21ebf,8b79c5c30b5447a511bebeb2d55164bda8362887,g++ (Ubuntu 13.3.0-6ubuntu2~24.04.1) 13.3.0,-std=c++17 -O2 -DNDEBUG -Wall -Wextra -DAHC071_TIME_LIMIT=1.80 -DAHC071_BEAM_WIDTH=64
18,2,reference_w32,timed,32,10572,1.7765089109889232,0,2,1430,852,1429,56762ea1542af377cb3690cdf086003b5ee3146c290a2a0c9c184a34a2b89eea,f40cb4274e3f5edfa36324ed4b9c42fd3c4749ab3cb8c2d4c9a5a8af5206fa97,9264fe5e5e191ba388a0e5d165fc292c6722185f5292ed7da7262e9cc16e2fdc,32c6ab9b34f99cfd8c66da0fea5b0c70dc0706c86c6c72cf5345908c65d21ebf,8b79c5c30b5447a511bebeb2d55164bda8362887,g++ (Ubuntu 13.3.0-6ubuntu2~24.04.1) 13.3.0,-std=c++17 -O2 -DNDEBUG -Wall -Wextra -DAHC071_TIME_LIMIT=1.80 -DAHC071_BEAM_WIDTH=32
18,2,reference_w64,timed,64,10572,1.7765096230141353,0,3,1430,778,1429,56762ea1542af377cb3690cdf086003b5ee3146c290a2a0c9c184a34a2b89eea,c5178ae85a6ed703e23118d5c9ef6aa553c0b637d0a72598ce55383c2d512777,9264fe5e5e191ba388a0e5d165fc292c6722185f5292ed7da7262e9cc16e2fdc,32c6ab9b34f99cfd8c66da0fea5b0c70dc0706c86c6c72cf5345908c65d21ebf,8b79c5c30b5447a511bebeb2d55164bda8362887,g++ (Ubuntu 13.3.0-6ubuntu2~24.04.1) 13.3.0,-std=c++17 -O2 -DNDEBUG -Wall -Wextra -DAHC071_TIME_LIMIT=1.80 -DAHC071_BEAM_WIDTH=64
19,0,reference_w64,timed,64,10541,1.7768453479802702,0,2,1469,811,1460,8679a7542c69b5d2e219f14724021d265bb0aabee35bf445445edb83e660c059,de55ca53104a8fdf0f9b849240b3d548892b7cc852ae6db386b575c322b1807a,9264fe5e5e191ba388a0e5d165fc292c6722185f5292ed7da7262e9cc16e2fdc,32c6ab9b34f99cfd8c66da0fea5b0c70dc0706c86c6c72cf5345908c65d21ebf,8b79c5c30b5447a511bebeb2d55164bda8362887,g++ (Ubuntu 13.3.0-6ubuntu2~24.04.1) 13.3.0,-std=c++17 -O2 -DNDEBUG -Wall -Wextra -DAHC071_TIME_LIMIT=1.80 -DAHC071_BEAM_WIDTH=64
19,0,current_w64,timed,64,10541,1.7764035779982805,0,2,1469,802,1460,8679a7542c69b5d2e219f14724021d265bb0aabee35bf445445edb83e660c059,de55ca53104a8fdf0f9b849240b3d548892b7cc852ae6db386b575c322b1807a,190b732121b853ab794aed65b36c500bcec3d59ff49f8547eb9028e23f922593,32c6ab9b34f99cfd8c66da0fea5b0c70dc0706c86c6c72cf5345908c65d21ebf,8b79c5c30b5447a511bebeb2d55164bda8362887,g++ (Ubuntu 13.3.0-6ubuntu2~24.04.1) 13.3.0,-std=c++17 -O2 -DNDEBUG -Wall -Wextra -DAHC071_TIME_LIMIT=1.80 -DAHC071_BEAM_WIDTH=64
19,0,reference_w32,timed,32,10541,1.7762925520073622,0,2,1469,819,1460,8679a7542c69b5d2e219f14724021d265bb0aabee35bf445445edb83e660c059,de55ca53104a8fdf0f9b849240b3d548892b7cc852ae6db386b575c322b1807a,9264fe5e5e191ba388a0e5d165fc292c6722185f5292ed7da7262e9cc16e2fdc,32c6ab9b34f99cfd8c66da0fea5b0c70dc0706c86c6c72cf5345908c65d21ebf,8b79c5c30b5447a511bebeb2d55164bda8362887,g++ (Ubuntu 13.3.0-6ubuntu2~24.04.1) 13.3.0,-std=c++17 -O2 -DNDEBUG -Wall -Wextra -DAHC071_TIME_LIMIT=1.80 -DAHC071_BEAM_WIDTH=32
19,1,current_w64,timed,64,10541,1.7766604079806712,0,2,1469,827,1460,8679a7542c69b5d2e219f14724021d265bb0aabee35bf445445edb83e660c059,de55ca53104a8fdf0f9b849240b3d548892b7cc852ae6db386b575c322b1807a,190b732121b853ab794aed65b36c500bcec3d59ff49f8547eb9028e23f922593,32c6ab9b34f99cfd8c66da0fea5b0c70dc0706c86c6c72cf5345908c65d21ebf,8b79c5c30b5447a511bebeb2d55164bda8362887,g++ (Ubuntu 13.3.0-6ubuntu2~24.04.1) 13.3.0,-std=c++17 -O2 -DNDEBUG -Wall -Wextra -DAHC071_TIME_LIMIT=1.80 -DAHC071_BEAM_WIDTH=64
19,1,reference_w32,timed,32,10541,1.7764514980081003,0,2,1469,844,1460,8679a7542c69b5d2e219f14724021d265bb0aabee35bf445445edb83e660c059,de55ca53104a8fdf0f9b849240b3d548892b7cc852ae6db386b575c322b1807a,9264fe5e5e191ba388a0e5d165fc292c6722185f5292ed7da7262e9cc16e2fdc,32c6ab9b34f99cfd8c66da0fea5b0c70dc0706c86c6c72cf5345908c65d21ebf,8b79c5c30b5447a511bebeb2d55164bda8362887,g++ (Ubuntu 13.3.0-6ubuntu2~24.04.1) 13.3.0,-std=c++17 -O2 -DNDEBUG -Wall -Wextra -DAHC071_TIME_LIMIT=1.80 -DAHC071_BEAM_WIDTH=32
19,1,reference_w64,timed,64,10541,1.776336180017097,0,2,1469,799,1460,8679a7542c69b5d2e219f14724021d265bb0aabee35bf445445edb83e660c059,de55ca53104a8fdf0f9b849240b3d548892b7cc852ae6db386b575c322b1807a,9264fe5e5e191ba388a0e5d165fc292c6722185f5292ed7da7262e9cc16e2fdc,32c6ab9b34f99cfd8c66da0fea5b0c70dc0706c86c6c72cf5345908c65d21ebf,8b79c5c30b5447a511bebeb2d55164bda8362887,g++ (Ubuntu 13.3.0-6ubuntu2~24.04.1) 13.3.0,-std=c++17 -O2 -DNDEBUG -Wall -Wextra -DAHC071_TIME_LIMIT=1.80 -DAHC071_BEAM_WIDTH=64
19,2,reference_w32,timed,32,10541,1.7763156500004698,0,2,1469,847,1460,8679a7542c69b5d2e219f14724021d265bb0aabee35bf445445edb83e660c059,de55ca53104a8fdf0f9b849240b3d548892b7cc852ae6db386b575c322b1807a,9264fe5e5e191ba388a0e5d165fc292c6722185f5292ed7da7262e9cc16e2fdc,32c6ab9b34f99cfd8c66da0fea5b0c70dc0706c86c6c72cf5345908c65d21ebf,8b79c5c30b5447a511bebeb2d55164bda8362887,g++ (Ubuntu 13.3.0-6ubuntu2~24.04.1) 13.3.0,-std=c++17 -O2 -DNDEBUG -Wall -Wextra -DAHC071_TIME_LIMIT=1.80 -DAHC071_BEAM_WIDTH=32
19,2,reference_w64,timed,64,10541,1.7762436420016456,0,2,1469,800,1460,8679a7542c69b5d2e219f14724021d265bb0aabee35bf445445edb83e660c059,de55ca53104a8fdf0f9b849240b3d548892b7cc852ae6db386b575c322b1807a,9264fe5e5e191ba388a0e5d165fc292c6722185f5292ed7da7262e9cc16e2fdc,32c6ab9b34f99cfd8c66da0fea5b0c70dc0706c86c6c72cf5345908c65d21ebf,8b79c5c30b5447a511bebeb2d55164bda8362887,g++ (Ubuntu 13.3.0-6ubuntu2~24.04.1) 13.3.0,-std=c++17 -O2 -DNDEBUG -Wall -Wextra -DAHC071_TIME_LIMIT=1.80 -DAHC071_BEAM_WIDTH=64
19,2,current_w64,timed,64,10541,1.776448727992829,0,2,1469,820,1460,8679a7542c69b5d2e219f14724021d265bb0aabee35bf445445edb83e660c059,de55ca53104a8fdf0f9b849240b3d548892b7cc852ae6db386b575c322b1807a,190b732121b853ab794aed65b36c500bcec3d59ff49f8547eb9028e23f922593,32c6ab9b34f99cfd8c66da0fea5b0c70dc0706c86c6c72cf5345908c65d21ebf,8b79c5c30b5447a511bebeb2d55164bda8362887,g++ (Ubuntu 13.3.0-6ubuntu2~24.04.1) 13.3.0,-std=c++17 -O2 -DNDEBUG -Wall -Wextra -DAHC071_TIME_LIMIT=1.80 -DAHC071_BEAM_WIDTH=64
20,0,current_w64,timed,64,10625,1.776662389980629,0,1,1377,817,1376,4b360dd436c028cc22ecffd430458f2ee20719fd5b565850c46cb9e8df8c1078,6bad91295212e106af7067339c22caf09945cf2f0bd532e50b3a30929beed197,190b732121b853ab794aed65b36c500bcec3d59ff49f8547eb9028e23f922593,32c6ab9b34f99cfd8c66da0fea5b0c70dc0706c86c6c72cf5345908c65d21ebf,8b79c5c30b5447a511bebeb2d55164bda8362887,g++ (Ubuntu 13.3.0-6ubuntu2~24.04.1) 13.3.0,-std=c++17 -O2 -DNDEBUG -Wall -Wextra -DAHC071_TIME_LIMIT=1.80 -DAHC071_BEAM_WIDTH=64
20,0,reference_w32,timed,32,10625,1.776588337001158,0,1,1377,812,1376,4b360dd436c028cc22ecffd430458f2ee20719fd5b565850c46cb9e8df8c1078,6bad91295212e106af7067339c22caf09945cf2f0bd532e50b3a30929beed197,9264fe5e5e191ba388a0e5d165fc292c6722185f5292ed7da7262e9cc16e2fdc,32c6ab9b34f99cfd8c66da0fea5b0c70dc0706c86c6c72cf5345908c65d21ebf,8b79c5c30b5447a511bebeb2d55164bda8362887,g++ (Ubuntu 13.3.0-6ubuntu2~24.04.1) 13.3.0,-std=c++17 -O2 -DNDEBUG -Wall -Wextra -DAHC071_TIME_LIMIT=1.80 -DAHC071_BEAM_WIDTH=32
20,0,reference_w64,timed,64,10625,1.777200788987102,0,1,1377,806,1376,4b360dd436c028cc22ecffd430458f2ee20719fd5b565850c46cb9e8df8c1078,6bad91295212e106af7067339c22caf09945cf2f0bd532e50b3a30929beed197,9264fe5e5e191ba388a0e5d165fc292c6722185f5292ed7da7262e9cc16e2fdc,32c6ab9b34f99cfd8c66da0fea5b0c70dc0706c86c6c72cf5345908c65d21ebf,8b79c5c30b5447a511bebeb2d55164bda8362887,g++ (Ubuntu 13.3.0-6ubuntu2~24.04.1) 13.3.0,-std=c++17 -O2 -DNDEBUG -Wall -Wextra -DAHC071_TIME_LIMIT=1.80 -DAHC071_BEAM_WIDTH=64
20,1,reference_w32,timed,32,10625,1.7767783119925298,0,1,1377,805,1376,4b360dd436c028cc22ecffd430458f2ee20719fd5b565850c46cb9e8df8c1078,6bad91295212e106af7067339c22caf09945cf2f0bd532e50b3a30929beed197,9264fe5e5e191ba388a0e5d165fc292c6722185f5292ed7da7262e9cc16e2fdc,32c6ab9b34f99cfd8c66da0fea5b0c70dc0706c86c6c72cf5345908c65d21ebf,8b79c5c30b5447a511bebeb2d55164bda8362887,g++ (Ubuntu 13.3.0-6ubuntu2~24.04.1) 13.3.0,-std=c++17 -O2 -DNDEBUG -Wall -Wextra -DAHC071_TIME_LIMIT=1.80 -DAHC071_BEAM_WIDTH=32
20,1,reference_w64,timed,64,10625,1.7765860850049648,0,1,1377,808,1376,4b360dd436c028cc22ecffd430458f2ee20719fd5b565850c46cb9e8df8c1078,6bad91295212e106af7067339c22caf09945cf2f0bd532e50b3a30929beed197,9264fe5e5e191ba388a0e5d165fc292c6722185f5292ed7da7262e9cc16e2fdc,32c6ab9b34f99cfd8c66da0fea5b0c70dc0706c86c6c72cf5345908c65d21ebf,8b79c5c30b5447a511bebeb2d55164bda8362887,g++ (Ubuntu 13.3.0-6ubuntu2~24.04.1) 13.3.0,-std=c++17 -O2 -DNDEBUG -Wall -Wextra -DAHC071_TIME_LIMIT=1.80 -DAHC071_BEAM_WIDTH=64
20,1,current_w64,timed,64,10625,1.7766305769910105,0,1,1377,817,1376,4b360dd436c028cc22ecffd430458f2ee20719fd5b565850c46cb9e8df8c1078,6bad91295212e106af7067339c22caf09945cf2f0bd532e50b3a30929beed197,190b732121b853ab794aed65b36c500bcec3d59ff49f8547eb9028e23f922593,32c6ab9b34f99cfd8c66da0fea5b0c70dc0706c86c6c72cf5345908c65d21ebf,8b79c5c30b5447a511bebeb2d55164bda8362887,g++ (Ubuntu 13.3.0-6ubuntu2~24.04.1) 13.3.0,-std=c++17 -O2 -DNDEBUG -Wall -Wextra -DAHC071_TIME_LIMIT=1.80 -DAHC071_BEAM_WIDTH=64
20,2,reference_w64,timed,64,10625,1.776710539998021,0,1,1377,801,1376,4b360dd436c028cc22ecffd430458f2ee20719fd5b565850c46cb9e8df8c1078,6bad91295212e106af7067339c22caf09945cf2f0bd532e50b3a30929beed197,9264fe5e5e191ba388a0e5d165fc292c6722185f5292ed7da7262e9cc16e2fdc,32c6ab9b34f99cfd8c66da0fea5b0c70dc0706c86c6c72cf5345908c65d21ebf,8b79c5c30b5447a511bebeb2d55164bda8362887,g++ (Ubuntu 13.3.0-6ubuntu2~24.04.1) 13.3.0,-std=c++17 -O2 -DNDEBUG -Wall -Wextra -DAHC071_TIME_LIMIT=1.80 -DAHC071_BEAM_WIDTH=64
20,2,current_w64,timed,64,10625,1.776522191008553,0,1,1377,799,1376,4b360dd436c028cc22ecffd430458f2ee20719fd5b565850c46cb9e8df8c1078,6bad91295212e106af7067339c22caf09945cf2f0bd532e50b3a30929beed197,190b732121b853ab794aed65b36c500bcec3d59ff49f8547eb9028e23f922593,32c6ab9b34f99cfd8c66da0fea5b0c70dc0706c86c6c72cf5345908c65d21ebf,8b79c5c30b5447a511bebeb2d55164bda8362887,g++ (Ubuntu 13.3.0-6ubuntu2~24.04.1) 13.3.0,-std=c++17 -O2 -DNDEBUG -Wall -Wextra -DAHC071_TIME_LIMIT=1.80 -DAHC071_BEAM_WIDTH=64
20,2,reference_w32,timed,32,10625,1.7765519389940891,0,1,1377,808,1376,4b360dd436c028cc22ecffd430458f2ee20719fd5b565850c46cb9e8df8c1078,6bad91295212e106af7067339c22caf09945cf2f0bd532e50b3a30929beed197,9264fe5e5e191ba388a0e5d165fc292c6722185f5292ed7da7262e9cc16e2fdc,32c6ab9b34f99cfd8c66da0fea5b0c70dc0706c86c6c72cf5345908c65d21ebf,8b79c5c30b5447a511bebeb2d55164bda8362887,g++ (Ubuntu 13.3.0-6ubuntu2~24.04.1) 13.3.0,-std=c++17 -O2 -DNDEBUG -Wall -Wextra -DAHC071_TIME_LIMIT=1.80 -DAHC071_BEAM_WIDTH=32
21,0,reference_w32,timed,32,10703,1.7770889420062304,0,2,1300,809,1298,16ac9d7c9eba3913bd2829443ab7d788ee3f9b1a7231d59c0207486629084ab1,48a55c16cc9713fb25668d2891dd3198c16adf034fb213ab9fa73a85782f28af,9264fe5e5e191ba388a0e5d165fc292c6722185f5292ed7da7262e9cc16e2fdc,32c6ab9b34f99cfd8c66da0fea5b0c70dc0706c86c6c72cf5345908c65d21ebf,8b79c5c30b5447a511bebeb2d55164bda8362887,g++ (Ubuntu 13.3.0-6ubuntu2~24.04.1) 13.3.0,-std=c++17 -O2 -DNDEBUG -Wall -Wextra -DAHC071_TIME_LIMIT=1.80 -DAHC071_BEAM_WIDTH=32
21,0,reference_w64,timed,64,10703,1.7766467560140882,0,2,1300,790,1298,16ac9d7c9eba3913bd2829443ab7d788ee3f9b1a7231d59c0207486629084ab1,59310a704d6b9a74bd14d5660e770241888294d9c3d910fd8e9d08e70ecb4a7d,9264fe5e5e191ba388a0e5d165fc292c6722185f5292ed7da7262e9cc16e2fdc,32c6ab9b34f99cfd8c66da0fea5b0c70dc0706c86c6c72cf5345908c65d21ebf,8b79c5c30b5447a511bebeb2d55164bda8362887,g++ (Ubuntu 13.3.0-6ubuntu2~24.04.1) 13.3.0,-std=c++17 -O2 -DNDEBUG -Wall -Wextra -DAHC071_TIME_LIMIT=1.80 -DAHC071_BEAM_WIDTH=64
21,0,current_w64,timed,64,10703,1.7765294640266802,0,2,1300,792,1298,16ac9d7c9eba3913bd2829443ab7d788ee3f9b1a7231d59c0207486629084ab1,59310a704d6b9a74bd14d5660e770241888294d9c3d910fd8e9d08e70ecb4a7d,190b732121b853ab794aed65b36c500bcec3d59ff49f8547eb9028e23f922593,32c6ab9b34f99cfd8c66da0fea5b0c70dc0706c86c6c72cf5345908c65d21ebf,8b79c5c30b5447a511bebeb2d55164bda8362887,g++ (Ubuntu 13.3.0-6ubuntu2~24.04.1) 13.3.0,-std=c++17 -O2 -DNDEBUG -Wall -Wextra -DAHC071_TIME_LIMIT=1.80 -DAHC071_BEAM_WIDTH=64
21,1,reference_w64,timed,64,10703,1.7762979269900825,0,2,1300,806,1298,16ac9d7c9eba3913bd2829443ab7d788ee3f9b1a7231d59c0207486629084ab1,59310a704d6b9a74bd14d5660e770241888294d9c3d910fd8e9d08e70ecb4a7d,9264fe5e5e191ba388a0e5d165fc292c6722185f5292ed7da7262e9cc16e2fdc,32c6ab9b34f99cfd8c66da0fea5b0c70dc0706c86c6c72cf5345908c65d21ebf,8b79c5c30b5447a511bebeb2d55164bda8362887,g++ (Ubuntu 13.3.0-6ubuntu2~24.04.1) 13.3.0,-std=c++17 -O2 -DNDEBUG -Wall -Wextra -DAHC071_TIME_LIMIT=1.80 -DAHC071_BEAM_WIDTH=64
21,1,current_w64,timed,64,10703,1.776285519998055,0,2,1300,802,1298,16ac9d7c9eba3913bd2829443ab7d788ee3f9b1a7231d59c0207486629084ab1,59310a704d6b9a74bd14d5660e770241888294d9c3d910fd8e9d08e70ecb4a7d,190b732121b853ab794aed65b36c500bcec3d59ff49f8547eb9028e23f922593,32c6ab9b34f99cfd8c66da0fea5b0c70dc0706c86c6c72cf5345908c65d21ebf,8b79c5c30b5447a511bebeb2d55164bda8362887,g++ (Ubuntu 13.3.0-6ubuntu2~24.04.1) 13.3.0,-std=c++17 -O2 -DNDEBUG -Wall -Wextra -DAHC071_TIME_LIMIT=1.80 -DAHC071_BEAM_WIDTH=64
21,1,reference_w32,timed,32,10703,1.7762750109832268,0,2,1300,794,1298,16ac9d7c9eba3913bd2829443ab7d788ee3f9b1a7231d59c0207486629084ab1,48a55c16cc9713fb25668d2891dd3198c16adf034fb213ab9fa73a85782f28af,9264fe5e5e191ba388a0e5d165fc292c6722185f5292ed7da7262e9cc16e2fdc,32c6ab9b34f99cfd8c66da0fea5b0c70dc0706c86c6c72cf5345908c65d21ebf,8b79c5c30b5447a511bebeb2d55164bda8362887,g++ (Ubuntu 13.3.0-6ubuntu2~24.04.1) 13.3.0,-std=c++17 -O2 -DNDEBUG -Wall -Wextra -DAHC071_TIME_LIMIT=1.80 -DAHC071_BEAM_WIDTH=32
21,2,current_w64,timed,64,10703,1.7764454430143815,0,2,1300,806,1298,16ac9d7c9eba3913bd2829443ab7d788ee3f9b1a7231d59c0207486629084ab1,59310a704d6b9a74bd14d5660e770241888294d9c3d910fd8e9d08e70ecb4a7d,190b732121b853ab794aed65b36c500bcec3d59ff49f8547eb9028e23f922593,32c6ab9b34f99cfd8c66da0fea5b0c70dc0706c86c6c72cf5345908c65d21ebf,8b79c5c30b5447a511bebeb2d55164bda8362887,g++ (Ubuntu 13.3.0-6ubuntu2~24.04.1) 13.3.0,-std=c++17 -O2 -DNDEBUG -Wall -Wextra -DAHC071_TIME_LIMIT=1.80 -DAHC071_BEAM_WIDTH=64
21,2,reference_w32,timed,32,10703,1.7764948820113204,0,2,1300,827,1298,16ac9d7c9eba3913bd2829443ab7d788ee3f9b1a7231d59c0207486629084ab1,48a55c16cc9713fb25668d2891dd3198c16adf034fb213ab9fa73a85782f28af,9264fe5e5e191ba388a0e5d165fc292c6722185f5292ed7da7262e9cc16e2fdc,32c6ab9b34f99cfd8c66da0fea5b0c70dc0706c86c6c72cf5345908c65d21ebf,8b79c5c30b5447a511bebeb2d55164bda8362887,g++ (Ubuntu 13.3.0-6ubuntu2~24.04.1) 13.3.0,-std=c++17 -O2 -DNDEBUG -Wall -Wextra -DAHC071_TIME_LIMIT=1.80 -DAHC071_BEAM_WIDTH=32
21,2,reference_w64,timed,64,10703,1.776996764994692,0,2,1300,785,1298,16ac9d7c9eba3913bd2829443ab7d788ee3f9b1a7231d59c0207486629084ab1,59310a704d6b9a74bd14d5660e770241888294d9c3d910fd8e9d08e70ecb4a7d,9264fe5e5e191ba388a0e5d165fc292c6722185f5292ed7da7262e9cc16e2fdc,32c6ab9b34f99cfd8c66da0fea5b0c70dc0706c86c6c72cf5345908c65d21ebf,8b79c5c30b5447a511bebeb2d55164bda8362887,g++ (Ubuntu 13.3.0-6ubuntu2~24.04.1) 13.3.0,-std=c++17 -O2 -DNDEBUG -Wall -Wextra -DAHC071_TIME_LIMIT=1.80 -DAHC071_BEAM_WIDTH=64
22,0,reference_w64,timed,64,10596,1.7768793440191075,0,1,1405,853,1405,2429939ca9080d9964c9641727e6550940a66fe5f1170ca6a8d9494dec78046c,fe40b91847701bd72aeda6d45f2e65805bb8732db4d75f008cc6c9155dd49430,9264fe5e5e191ba388a0e5d165fc292c6722185f5292ed7da7262e9cc16e2fdc,32c6ab9b34f99cfd8c66da0fea5b0c70dc0706c86c6c72cf5345908c65d21ebf,8b79c5c30b5447a511bebeb2d55164bda8362887,g++ (Ubuntu 13.3.0-6ubuntu2~24.04.1) 13.3.0,-std=c++17 -O2 -DNDEBUG -Wall -Wextra -DAHC071_TIME_LIMIT=1.80 -DAHC071_BEAM_WIDTH=64
22,0,current_w64,timed,64,10596,1.7763991660031024,0,1,1405,878,1405,2429939ca9080d9964c9641727e6550940a66fe5f1170ca6a8d9494dec78046c,fe40b91847701bd72aeda6d45f2e65805bb8732db4d75f008cc6c9155dd49430,190b732121b853ab794aed65b36c500bcec3d59ff49f8547eb9028e23f922593,32c6ab9b34f99cfd8c66da0fea5b0c70dc0706c86c6c72cf5345908c65d21ebf,8b79c5c30b5447a511bebeb2d55164bda8362887,g++ (Ubuntu 13.3.0-6ubuntu2~24.04.1) 13.3.0,-std=c++17 -O2 -DNDEBUG -Wall -Wextra -DAHC071_TIME_LIMIT=1.80 -DAHC071_BEAM_WIDTH=64
22,0,reference_w32,timed,32,10596,1.7766580180032179,0,1,1405,901,1405,2429939ca9080d9964c9641727e6550940a66fe5f1170ca6a8d9494dec78046c,6983bd12c9ebb4c00663c04c4c41aa2bd0d44e2c6a750fd3cbc29da8697312e2,9264fe5e5e191ba388a0e5d165fc292c6722185f5292ed7da7262e9cc16e2fdc,32c6ab9b34f99cfd8c66da0fea5b0c70dc0706c86c6c72cf5345908c65d21ebf,8b79c5c30b5447a511bebeb2d55164bda8362887,g++ (Ubuntu 13.3.0-6ubuntu2~24.04.1) 13.3.0,-std=c++17 -O2 -DNDEBUG -Wall -Wextra -DAHC071_TIME_LIMIT=1.80 -DAHC071_BEAM_WIDTH=32
22,1,current_w64,timed,64,10596,1.7766174919961486,0,1,1405,869,1405,2429939ca9080d9964c9641727e6550940a66fe5f1170ca6a8d9494dec78046c,fe40b91847701bd72aeda6d45f2e65805bb8732db4d75f008cc6c9155dd49430,190b732121b853ab794aed65b36c500bcec3d59ff49f8547eb9028e23f922593,32c6ab9b34f99cfd8c66da0fea5b0c70dc0706c86c6c72cf5345908c65d21ebf,8b79c5c30b5447a511bebeb2d55164bda8362887,g++ (Ubuntu 13.3.0-6ubuntu2~24.04.1) 13.3.0,-std=c++17 -O2 -DNDEBUG -Wall -Wextra -DAHC071_TIME_LIMIT=1.80 -DAHC071_BEAM_WIDTH=64
22,1,reference_w32,timed,32,10596,1.7765109400206711,0,1,1405,877,1405,2429939ca9080d9964c9641727e6550940a66fe5f1170ca6a8d9494dec78046c,6983bd12c9ebb4c00663c04c4c41aa2bd0d44e2c6a750fd3cbc29da8697312e2,9264fe5e5e191ba388a0e5d165fc292c6722185f5292ed7da7262e9cc16e2fdc,32c6ab9b34f99cfd8c66da0fea5b0c70dc0706c86c6c72cf5345908c65d21ebf,8b79c5c30b5447a511bebeb2d55164bda8362887,g++ (Ubuntu 13.3.0-6ubuntu2~24.04.1) 13.3.0,-std=c++17 -O2 -DNDEBUG -Wall -Wextra -DAHC071_TIME_LIMIT=1.80 -DAHC071_BEAM_WIDTH=32
22,1,reference_w64,timed,64,10596,1.7763597900047898,0,1,1405,882,1405,2429939ca9080d9964c9641727e6550940a66fe5f1170ca6a8d9494dec78046c,fe40b91847701bd72aeda6d45f2e65805bb8732db4d75f008cc6c9155dd49430,9264fe5e5e191ba388a0e5d165fc292c6722185f5292ed7da7262e9cc16e2fdc,32c6ab9b34f99cfd8c66da0fea5b0c70dc0706c86c6c72cf5345908c65d21ebf,8b79c5c30b5447a511bebeb2d55164bda8362887,g++ (Ubuntu 13.3.0-6ubuntu2~24.04.1) 13.3.0,-std=c++17 -O2 -DNDEBUG -Wall -Wextra -DAHC071_TIME_LIMIT=1.80 -DAHC071_BEAM_WIDTH=64
22,2,reference_w32,timed,32,10596,1.776712534017861,0,1,1405,890,1405,2429939ca9080d9964c9641727e6550940a66fe5f1170ca6a8d9494dec78046c,6983bd12c9ebb4c00663c04c4c41aa2bd0d44e2c6a750fd3cbc29da8697312e2,9264fe5e5e191ba388a0e5d165fc292c6722185f5292ed7da7262e9cc16e2fdc,32c6ab9b34f99cfd8c66da0fea5b0c70dc0706c86c6c72cf5345908c65d21ebf,8b79c5c30b5447a511bebeb2d55164bda8362887,g++ (Ubuntu 13.3.0-6ubuntu2~24.04.1) 13.3.0,-std=c++17 -O2 -DNDEBUG -Wall -Wextra -DAHC071_TIME_LIMIT=1.80 -DAHC071_BEAM_WIDTH=32
22,2,reference_w64,timed,64,10596,1.7763500940054655,0,1,1405,854,1405,2429939ca9080d9964c9641727e6550940a66fe5f1170ca6a8d9494dec78046c,fe40b91847701bd72aeda6d45f2e65805bb8732db4d75f008cc6c9155dd49430,9264fe5e5e191ba388a0e5d165fc292c6722185f5292ed7da7262e9cc16e2fdc,32c6ab9b34f99cfd8c66da0fea5b0c70dc0706c86c6c72cf5345908c65d21ebf,8b79c5c30b5447a511bebeb2d55164bda8362887,g++ (Ubuntu 13.3.0-6ubuntu2~24.04.1) 13.3.0,-std=c++17 -O2 -DNDEBUG -Wall -Wextra -DAHC071_TIME_LIMIT=1.80 -DAHC071_BEAM_WIDTH=64
22,2,current_w64,timed,64,10596,1.7766849869803991,0,1,1405,852,1405,2429939ca9080d9964c9641727e6550940a66fe5f1170ca6a8d9494dec78046c,fe40b91847701bd72aeda6d45f2e65805bb8732db4d75f008cc6c9155dd49430,190b732121b853ab794aed65b36c500bcec3d59ff49f8547eb9028e23f922593,32c6ab9b34f99cfd8c66da0fea5b0c70dc0706c86c6c72cf5345908c65d21ebf,8b79c5c30b5447a511bebeb2d55164bda8362887,g++ (Ubuntu 13.3.0-6ubuntu2~24.04.1) 13.3.0,-std=c++17 -O2 -DNDEBUG -Wall -Wextra -DAHC071_TIME_LIMIT=1.80 -DAHC071_BEAM_WIDTH=64
23,0,current_w64,timed,64,10572,1.77679963799892,0,2,1433,798,1429,58fad1b1d90753725550920391f9079a9ce92ab51574d05923ffece3012eadcc,a4bc808928a9031037353ddff8341923356d09e8bc9e197c308a252ea94a8e81,190b732121b853ab794aed65b36c500bcec3d59ff49f8547eb9028e23f922593,32c6ab9b34f99cfd8c66da0fea5b0c70dc0706c86c6c72cf5345908c65d21ebf,8b79c5c30b5447a511bebeb2d55164bda8362887,g++ (Ubuntu 13.3.0-6ubuntu2~24.04.1) 13.3.0,-std=c++17 -O2 -DNDEBUG -Wall -Wextra -DAHC071_TIME_LIMIT=1.80 -DAHC071_BEAM_WIDTH=64
23,0,reference_w32,timed,32,10572,1.7763895009993576,0,1,1434,857,1429,58fad1b1d90753725550920391f9079a9ce92ab51574d05923ffece3012eadcc,170581c46b90320f3fb0f70fe2f619969833fff3eaf5b18d8e480e159bea35f9,9264fe5e5e191ba388a0e5d165fc292c6722185f5292ed7da7262e9cc16e2fdc,32c6ab9b34f99cfd8c66da0fea5b0c70dc0706c86c6c72cf5345908c65d21ebf,8b79c5c30b5447a511bebeb2d55164bda8362887,g++ (Ubuntu 13.3.0-6ubuntu2~24.04.1) 13.3.0,-std=c++17 -O2 -DNDEBUG -Wall -Wextra -DAHC071_TIME_LIMIT=1.80 -DAHC071_BEAM_WIDTH=32
23,0,reference_w64,timed,64,10572,1.7763441870047245,0,2,1433,782,1429,58fad1b1d90753725550920391f9079a9ce92ab51574d05923ffece3012eadcc,a4bc808928a9031037353ddff8341923356d09e8bc9e197c308a252ea94a8e81,9264fe5e5e191ba388a0e5d165fc292c6722185f5292ed7da7262e9cc16e2fdc,32c6ab9b34f99cfd8c66da0fea5b0c70dc0706c86c6c72cf5345908c65d21ebf,8b79c5c30b5447a511bebeb2d55164bda8362887,g++ (Ubuntu 13.3.0-6ubuntu2~24.04.1) 13.3.0,-std=c++17 -O2 -DNDEBUG -Wall -Wextra -DAHC071_TIME_LIMIT=1.80 -DAHC071_BEAM_WIDTH=64
23,1,reference_w32,timed,32,10572,1.7763548200018704,0,1,1434,856,1429,58fad1b1d90753725550920391f9079a9ce92ab51574d05923ffece3012eadcc,170581c46b90320f3fb0f70fe2f619969833fff3eaf5b18d8e480e159bea35f9,9264fe5e5e191ba388a0e5d165fc292c6722185f5292ed7da7262e9cc16e2fdc,32c6ab9b34f99cfd8c66da0fea5b0c70dc0706c86c6c72cf5345908c65d21ebf,8b79c5c30b5447a511bebeb2d55164bda8362887,g++ (Ubuntu 13.3.0-6ubuntu2~24.04.1) 13.3.0,-std=c++17 -O2 -DNDEBUG -Wall -Wextra -DAHC071_TIME_LIMIT=1.80 -DAHC071_BEAM_WIDTH=32
23,1,reference_w64,timed,64,10572,1.7762474610062782,0,2,1433,786,1429,58fad1b1d90753725550920391f9079a9ce92ab51574d05923ffece3012eadcc,a4bc808928a9031037353ddff8341923356d09e8bc9e197c308a252ea94a8e81,9264fe5e5e191ba388a0e5d165fc292c6722185f5292ed7da7262e9cc16e2fdc,32c6ab9b34f99cfd8c66da0fea5b0c70dc0706c86c6c72cf5345908c65d21ebf,8b79c5c30b5447a511bebeb2d55164bda8362887,g++ (Ubuntu 13.3.0-6ubuntu2~24.04.1) 13.3.0,-std=c++17 -O2 -DNDEBUG -Wall -Wextra -DAHC071_TIME_LIMIT=1.80 -DAHC071_BEAM_WIDTH=64
23,1,current_w64,timed,64,10572,1.776323678001063,0,2,1433,789,1429,58fad1b1d90753725550920391f9079a9ce92ab51574d05923ffece3012eadcc,a4bc808928a9031037353ddff8341923356d09e8bc9e197c308a252ea94a8e81,190b732121b853ab794aed65b36c500bcec3d59ff49f8547eb9028e23f922593,32c6ab9b34f99cfd8c66da0fea5b0c70dc0706c86c6c72cf5345908c65d21ebf,8b79c5c30b5447a511bebeb2d55164bda8362887,g++ (Ubuntu 13.3.0-6ubuntu2~24.04.1) 13.3.0,-std=c++17 -O2 -DNDEBUG -Wall -Wextra -DAHC071_TIME_LIMIT=1.80 -DAHC071_BEAM_WIDTH=64
23,2,reference_w64,timed,64,10572,1.7762874409963842,0,2,1433,788,1429,58fad1b1d90753725550920391f9079a9ce92ab51574d05923ffece3012eadcc,a4bc808928a9031037353ddff8341923356d09e8bc9e197c308a252ea94a8e81,9264fe5e5e191ba388a0e5d165fc292c6722185f5292ed7da7262e9cc16e2fdc,32c6ab9b34f99cfd8c66da0fea5b0c70dc0706c86c6c72cf5345908c65d21ebf,8b79c5c30b5447a511bebeb2d55164bda8362887,g++ (Ubuntu 13.3.0-6ubuntu2~24.04.1) 13.3.0,-std=c++17 -O2 -DNDEBUG -Wall -Wextra -DAHC071_TIME_LIMIT=1.80 -DAHC071_BEAM_WIDTH=64
23,2,current_w64,timed,64,10572,1.7763897769909818,0,2,1433,804,1429,58fad1b1d90753725550920391f9079a9ce92ab51574d05923ffece3012eadcc,a4bc808928a9031037353ddff8341923356d09e8bc9e197c308a252ea94a8e81,190b732121b853ab794aed65b36c500bcec3d59ff49f8547eb9028e23f922593,32c6ab9b34f99cfd8c66da0fea5b0c70dc0706c86c6c72cf5345908c65d21ebf,8b79c5c30b5447a511bebeb2d55164bda8362887,g++ (Ubuntu 13.3.0-6ubuntu2~24.04.1) 13.3.0,-std=c++17 -O2 -DNDEBUG -Wall -Wextra -DAHC071_TIME_LIMIT=1.80 -DAHC071_BEAM_WIDTH=64
23,2,reference_w32,timed,32,10572,1.7768771929841023,0,1,1434,854,1429,58fad1b1d90753725550920391f9079a9ce92ab51574d05923ffece3012eadcc,170581c46b90320f3fb0f70fe2f619969833fff3eaf5b18d8e480e159bea35f9,9264fe5e5e191ba388a0e5d165fc292c6722185f5292ed7da7262e9cc16e2fdc,32c6ab9b34f99cfd8c66da0fea5b0c70dc0706c86c6c72cf5345908c65d21ebf,8b79c5c30b5447a511bebeb2d55164bda8362887,g++ (Ubuntu 13.3.0-6ubuntu2~24.04.1) 13.3.0,-std=c++17 -O2 -DNDEBUG -Wall -Wextra -DAHC071_TIME_LIMIT=1.80 -DAHC071_BEAM_WIDTH=32
24,0,reference_w32,timed,32,10665,1.7770231239846908,0,2,1339,831,1336,63f95c2889388bff41c3765f6797790a8e27a637ae362018cdbb645752c1f3ce,f95c19ab70ee66bcf2a72fbdb85b6238de59d9050c24cd528aeb70d1fa987a41,9264fe5e5e191ba388a0e5d165fc292c6722185f5292ed7da7262e9cc16e2fdc,32c6ab9b34f99cfd8c66da0fea5b0c70dc0706c86c6c72cf5345908c65d21ebf,8b79c5c30b5447a511bebeb2d55164bda8362887,g++ (Ubuntu 13.3.0-6ubuntu2~24.04.1) 13.3.0,-std=c++17 -O2 -DNDEBUG -Wall -Wextra -DAHC071_TIME_LIMIT=1.80 -DAHC071_BEAM_WIDTH=32
24,0,reference_w64,timed,64,10665,1.7765237249841448,0,2,1339,795,1336,63f95c2889388bff41c3765f6797790a8e27a637ae362018cdbb645752c1f3ce,f95c19ab70ee66bcf2a72fbdb85b6238de59d9050c24cd528aeb70d1fa987a41,9264fe5e5e191ba388a0e5d165fc292c6722185f5292ed7da7262e9cc16e2fdc,32c6ab9b34f99cfd8c66da0fea5b0c70dc0706c86c6c72cf5345908c65d21ebf,8b79c5c30b5447a511bebeb2d55164bda8362887,g++ (Ubuntu 13.3.0-6ubuntu2~24.04.1) 13.3.0,-std=c++17 -O2 -DNDEBUG -Wall -Wextra -DAHC071_TIME_LIMIT=1.80 -DAHC071_BEAM_WIDTH=64
24,0,current_w64,timed,64,10665,1.776547182991635,0,2,1339,811,1336,63f95c2889388bff41c3765f6797790a8e27a637ae362018cdbb645752c1f3ce,f95c19ab70ee66bcf2a72fbdb85b6238de59d9050c24cd528aeb70d1fa987a41,190b732121b853ab794aed65b36c500bcec3d59ff49f8547eb9028e23f922593,32c6ab9b34f99cfd8c66da0fea5b0c70dc0706c86c6c72cf5345908c65d21ebf,8b79c5c30b5447a511bebeb2d55164bda8362887,g++ (Ubuntu 13.3.0-6ubuntu2~24.04.1) 13.3.0,-std=c++17 -O2 -DNDEBUG -Wall -Wextra -DAHC071_TIME_LIMIT=1.80 -DAHC071_BEAM_WIDTH=64
24,1,reference_w64,timed,64,10665,1.776423151983181,0,2,1339,787,1336,63f95c2889388bff41c3765f6797790a8e27a637ae362018cdbb645752c1f3ce,f95c19ab70ee66bcf2a72fbdb85b6238de59d9050c24cd528aeb70d1fa987a41,9264fe5e5e191ba388a0e5d165fc292c6722185f5292ed7da7262e9cc16e2fdc,32c6ab9b34f99cfd8c66da0fea5b0c70dc0706c86c6c72cf5345908c65d21ebf,8b79c5c30b5447a511bebeb2d55164bda8362887,g++ (Ubuntu 13.3.0-6ubuntu2~24.04.1) 13.3.0,-std=c++17 -O2 -DNDEBUG -Wall -Wextra -DAHC071_TIME_LIMIT=1.80 -DAHC071_BEAM_WIDTH=64
24,1,current_w64,timed,64,10665,1.7764136939949822,0,2,1339,779,1336,63f95c2889388bff41c3765f6797790a8e27a637ae362018cdbb645752c1f3ce,f95c19ab70ee66bcf2a72fbdb85b6238de59d9050c24cd528aeb70d1fa987a41,190b732121b853ab794aed65b36c500bcec3d59ff49f8547eb9028e23f922593,32c6ab9b34f99cfd8c66da0fea5b0c70dc0706c86c6c72cf5345908c65d21ebf,8b79c5c30b5447a511bebeb2d55164bda8362887,g++ (Ubuntu 13.3.0-6ubuntu2~24.04.1) 13.3.0,-std=c++17 -O2 -DNDEBUG -Wall -Wextra -DAHC071_TIME_LIMIT=1.80 -DAHC071_BEAM_WIDTH=64
24,1,reference_w32,timed,32,10665,1.7765606830071192,0,2,1339,822,1336,63f95c2889388bff41c3765f6797790a8e27a637ae362018cdbb645752c1f3ce,f95c19ab70ee66bcf2a72fbdb85b6238de59d9050c24cd528aeb70d1fa987a41,9264fe5e5e191ba388a0e5d165fc292c6722185f5292ed7da7262e9cc16e2fdc,32c6ab9b34f99cfd8c66da0fea5b0c70dc0706c86c6c72cf5345908c65d21ebf,8b79c5c30b5447a511bebeb2d55164bda8362887,g++ (Ubuntu 13.3.0-6ubuntu2~24.04.1) 13.3.0,-std=c++17 -O2 -DNDEBUG -Wall -Wextra -DAHC071_TIME_LIMIT=1.80 -DAHC071_BEAM_WIDTH=32
24,2,current_w64,timed,64,10665,1.776384238008177,0,2,1339,799,1336,63f95c2889388bff41c3765f6797790a8e27a637ae362018cdbb645752c1f3ce,f95c19ab70ee66bcf2a72fbdb85b6238de59d9050c24cd528aeb70d1fa987a41,190b732121b853ab794aed65b36c500bcec3d59ff49f8547eb9028e23f922593,32c6ab9b34f99cfd8c66da0fea5b0c70dc0706c86c6c72cf5345908c65d21ebf,8b79c5c30b5447a511bebeb2d55164bda8362887,g++ (Ubuntu 13.3.0-6ubuntu2~24.04.1) 13.3.0,-std=c++17 -O2 -DNDEBUG -Wall -Wextra -DAHC071_TIME_LIMIT=1.80 -DAHC071_BEAM_WIDTH=64
24,2,reference_w32,timed,32,10665,1.7763703870004974,0,2,1339,832,1336,63f95c2889388bff41c3765f6797790a8e27a637ae362018cdbb645752c1f3ce,f95c19ab70ee66bcf2a72fbdb85b6238de59d9050c24cd528aeb70d1fa987a41,9264fe5e5e191ba388a0e5d165fc292c6722185f5292ed7da7262e9cc16e2fdc,32c6ab9b34f99cfd8c66da0fea5b0c70dc0706c86c6c72cf5345908c65d21ebf,8b79c5c30b5447a511bebeb2d55164bda8362887,g++ (Ubuntu 13.3.0-6ubuntu2~24.04.1) 13.3.0,-std=c++17 -O2 -DNDEBUG -Wall -Wextra -DAHC071_TIME_LIMIT=1.80 -DAHC071_BEAM_WIDTH=32
24,2,reference_w64,timed,64,10665,1.7765754440042656,0,2,1339,808,1336,63f95c2889388bff41c3765f6797790a8e27a637ae362018cdbb645752c1f3ce,f95c19ab70ee66bcf2a72fbdb85b6238de59d9050c24cd528aeb70d1fa987a41,9264fe5e5e191ba388a0e5d165fc292c6722185f5292ed7da7262e9cc16e2fdc,32c6ab9b34f99cfd8c66da0fea5b0c70dc0706c86c6c72cf5345908c65d21ebf,8b79c5c30b5447a511bebeb2d55164bda8362887,g++ (Ubuntu 13.3.0-6ubuntu2~24.04.1) 13.3.0,-std=c++17 -O2 -DNDEBUG -Wall -Wextra -DAHC071_TIME_LIMIT=1.80 -DAHC071_BEAM_WIDTH=64
25,0,reference_w64,timed,64,10826,1.7767222560069058,0,3,1184,750,1175,b96768aecfd69ac59ef0ffef5e1c0c832a2cf0ad7d43e173906f85f639668a62,9b87be4666646e6c459c26a72f9795914e65108dc35c8e26bc4684c44a04769c,9264fe5e5e191ba388a0e5d165fc292c6722185f5292ed7da7262e9cc16e2fdc,32c6ab9b34f99cfd8c66da0fea5b0c70dc0706c86c6c72cf5345908c65d21ebf,8b79c5c30b5447a511bebeb2d55164bda8362887,g++ (Ubuntu 13.3.0-6ubuntu2~24.04.1) 13.3.0,-std=c++17 -O2 -DNDEBUG -Wall -Wextra -DAHC071_TIME_LIMIT=1.80 -DAHC071_BEAM_WIDTH=64
25,0,current_w64,timed,64,10826,1.776307594991522,0,3,1184,736,1175,b96768aecfd69ac59ef0ffef5e1c0c832a2cf0ad7d43e173906f85f639668a62,9b87be4666646e6c459c26a72f9795914e65108dc35c8e26bc4684c44a04769c,190b732121b853ab794aed65b36c500bcec3d59ff49f8547eb9028e23f922593,32c6ab9b34f99cfd8c66da0fea5b0c70dc0706c86c6c72cf5345908c65d21ebf,8b79c5c30b5447a511bebeb2d55164bda8362887,g++ (Ubuntu 13.3.0-6ubuntu2~24.04.1) 13.3.0,-std=c++17 -O2 -DNDEBUG -Wall -Wextra -DAHC071_TIME_LIMIT=1.80 -DAHC071_BEAM_WIDTH=64
25,0,reference_w32,timed,32,10826,1.7764834489789791,0,3,1187,791,1175,b96768aecfd69ac59ef0ffef5e1c0c832a2cf0ad7d43e173906f85f639668a62,9b87be4666646e6c459c26a72f9795914e65108dc35c8e26bc4684c44a04769c,9264fe5e5e191ba388a0e5d165fc292c6722185f5292ed7da7262e9cc16e2fdc,32c6ab9b34f99cfd8c66da0fea5b0c70dc0706c86c6c72cf5345908c65d21ebf,8b79c5c30b5447a511bebeb2d55164bda8362887,g++ (Ubuntu 13.3.0-6ubuntu2~24.04.1) 13.3.0,-std=c++17 -O2 -DNDEBUG -Wall -Wextra -DAHC071_TIME_LIMIT=1.80 -DAHC071_BEAM_WIDTH=32
25,1,current_w64,timed,64,10826,1.7763604709762149,0,3,1184,738,1175,b96768aecfd69ac59ef0ffef5e1c0c832a2cf0ad7d43e173906f85f639668a62,9b87be4666646e6c459c26a72f9795914e65108dc35c8e26bc4684c44a04769c,190b732121b853ab794aed65b36c500bcec3d59ff49f8547eb9028e23f922593,32c6ab9b34f99cfd8c66da0fea5b0c70dc0706c86c6c72cf5345908c65d21ebf,8b79c5c30b5447a511bebeb2d55164bda8362887,g++ (Ubuntu 13.3.0-6ubuntu2~24.04.1) 13.3.0,-std=c++17 -O2 -DNDEBUG -Wall -Wextra -DAHC071_TIME_LIMIT=1.80 -DAHC071_BEAM_WIDTH=64
25,1,reference_w32,timed,32,10826,1.7763086819904856,0,3,1187,785,1175,b96768aecfd69ac59ef0ffef5e1c0c832a2cf0ad7d43e173906f85f639668a62,9b87be4666646e6c459c26a72f9795914e65108dc35c8e26bc4684c44a04769c,9264fe5e5e191ba388a0e5d165fc292c6722185f5292ed7da7262e9cc16e2fdc,32c6ab9b34f99cfd8c66da0fea5b0c70dc0706c86c6c72cf5345908c65d21ebf,8b79c5c30b5447a511bebeb2d55164bda8362887,g++ (Ubuntu 13.3.0-6ubuntu2~24.04.1) 13.3.0,-std=c++17 -O2 -DNDEBUG -Wall -Wextra -DAHC071_TIME_LIMIT=1.80 -DAHC071_BEAM_WIDTH=32
25,1,reference_w64,timed,64,10826,1.7767623899853788,0,3,1184,766,1175,b96768aecfd69ac59ef0ffef5e1c0c832a2cf0ad7d43e173906f85f639668a62,9b87be4666646e6c459c26a72f9795914e65108dc35c8e26bc4684c44a04769c,9264fe5e5e191ba388a0e5d165fc292c6722185f5292ed7da7262e9cc16e2fdc,32c6ab9b34f99cfd8c66da0fea5b0c70dc0706c86c6c72cf5345908c65d21ebf,8b79c5c30b5447a511bebeb2d55164bda8362887,g++ (Ubuntu 13.3.0-6ubuntu2~24.04.1) 13.3.0,-std=c++17 -O2 -DNDEBUG -Wall -Wextra -DAHC071_TIME_LIMIT=1.80 -DAHC071_BEAM_WIDTH=64
25,2,reference_w32,timed,32,10826,1.7766361439717002,0,3,1187,784,1175,b96768aecfd69ac59ef0ffef5e1c0c832a2cf0ad7d43e173906f85f639668a62,9b87be4666646e6c459c26a72f9795914e65108dc35c8e26bc4684c44a04769c,9264fe5e5e191ba388a0e5d165fc292c6722185f5292ed7da7262e9cc16e2fdc,32c6ab9b34f99cfd8c66da0fea5b0c70dc0706c86c6c72cf5345908c65d21ebf,8b79c5c30b5447a511bebeb2d55164bda8362887,g++ (Ubuntu 13.3.0-6ubuntu2~24.04.1) 13.3.0,-std=c++17 -O2 -DNDEBUG -Wall -Wextra -DAHC071_TIME_LIMIT=1.80 -DAHC071_BEAM_WIDTH=32
25,2,reference_w64,timed,64,10826,1.7766946080082562,0,3,1184,755,1175,b96768aecfd69ac59ef0ffef5e1c0c832a2cf0ad7d43e173906f85f639668a62,9b87be4666646e6c459c26a72f9795914e65108dc35c8e26bc4684c44a04769c,9264fe5e5e191ba388a0e5d165fc292c6722185f5292ed7da7262e9cc16e2fdc,32c6ab9b34f99cfd8c66da0fea5b0c70dc0706c86c6c72cf5345908c65d21ebf,8b79c5c30b5447a511bebeb2d55164bda8362887,g++ (Ubuntu 13.3.0-6ubuntu2~24.04.1) 13.3.0,-std=c++17 -O2 -DNDEBUG -Wall -Wextra -DAHC071_TIME_LIMIT=1.80 -DAHC071_BEAM_WIDTH=64
25,2,current_w64,timed,64,10826,1.7768633269879501,0,3,1184,764,1175,b96768aecfd69ac59ef0ffef5e1c0c832a2cf0ad7d43e173906f85f639668a62,9b87be4666646e6c459c26a72f9795914e65108dc35c8e26bc4684c44a04769c,190b732121b853ab794aed65b36c500bcec3d59ff49f8547eb9028e23f922593,32c6ab9b34f99cfd8c66da0fea5b0c70dc0706c86c6c72cf5345908c65d21ebf,8b79c5c30b5447a511bebeb2d55164bda8362887,g++ (Ubuntu 13.3.0-6ubuntu2~24.04.1) 13.3.0,-std=c++17 -O2 -DNDEBUG -Wall -Wextra -DAHC071_TIME_LIMIT=1.80 -DAHC071_BEAM_WIDTH=64
26,0,current_w64,timed,64,10788,1.7770403519971296,0,1,1224,627,1213,edca59c3c360a2694baefb3163394ecbab89eb3faff2bc507b2b845da871b2dc,3fff01e6d7ed99a934f6cdbb6f2aede4cbabcf36d67c58bd8823477f51ab5b34,190b732121b853ab794aed65b36c500bcec3d59ff49f8547eb9028e23f922593,32c6ab9b34f99cfd8c66da0fea5b0c70dc0706c86c6c72cf5345908c65d21ebf,8b79c5c30b5447a511bebeb2d55164bda8362887,g++ (Ubuntu 13.3.0-6ubuntu2~24.04.1) 13.3.0,-std=c++17 -O2 -DNDEBUG -Wall -Wextra -DAHC071_TIME_LIMIT=1.80 -DAHC071_BEAM_WIDTH=64
26,0,reference_w32,timed,32,10788,1.777005862997612,0,1,1224,579,1213,edca59c3c360a2694baefb3163394ecbab89eb3faff2bc507b2b845da871b2dc,429b21714ff76bbb3c9a7dc8e4c2f6131cd0d8174bb76a72e4d8167bca1e8b6f,9264fe5e5e191ba388a0e5d165fc292c6722185f5292ed7da7262e9cc16e2fdc,32c6ab9b34f99cfd8c66da0fea5b0c70dc0706c86c6c72cf5345908c65d21ebf,8b79c5c30b5447a511bebeb2d55164bda8362887,g++ (Ubuntu 13.3.0-6ubuntu2~24.04.1) 13.3.0,-std=c++17 -O2 -DNDEBUG -Wall -Wextra -DAHC071_TIME_LIMIT=1.80 -DAHC071_BEAM_WIDTH=32
26,0,reference_w64,timed,64,10788,1.7764936780149583,0,1,1224,609,1213,edca59c3c360a2694baefb3163394ecbab89eb3faff2bc507b2b845da871b2dc,3fff01e6d7ed99a934f6cdbb6f2aede4cbabcf36d67c58bd8823477f51ab5b34,9264fe5e5e191ba388a0e5d165fc292c6722185f5292ed7da7262e9cc16e2fdc,32c6ab9b34f99cfd8c66da0fea5b0c70dc0706c86c6c72cf5345908c65d21ebf,8b79c5c30b5447a511bebeb2d55164bda8362887,g++ (Ubuntu 13.3.0-6ubuntu2~24.04.1) 13.3.0,-std=c++17 -O2 -DNDEBUG -Wall -Wextra -DAHC071_TIME_LIMIT=1.80 -DAHC071_BEAM_WIDTH=64
26,1,reference_w32,timed,32,10788,1.7765781609923579,0,1,1224,616,1213,edca59c3c360a2694baefb3163394ecbab89eb3faff2bc507b2b845da871b2dc,429b21714ff76bbb3c9a7dc8e4c2f6131cd0d8174bb76a72e4d8167bca1e8b6f,9264fe5e5e191ba388a0e5d165fc292c6722185f5292ed7da7262e9cc16e2fdc,32c6ab9b34f99cfd8c66da0fea5b0c70dc0706c86c6c72cf5345908c65d21ebf,8b79c5c30b5447a511bebeb2d55164bda8362887,g++ (Ubuntu 13.3.0-6ubuntu2~24.04.1) 13.3.0,-std=c++17 -O2 -DNDEBUG -Wall -Wextra -DAHC071_TIME_LIMIT=1.80 -DAHC071_BEAM_WIDTH=32
26,1,reference_w64,timed,64,10788,1.7763415299996268,0,1,1224,597,1213,edca59c3c360a2694baefb3163394ecbab89eb3faff2bc507b2b845da871b2dc,3fff01e6d7ed99a934f6cdbb6f2aede4cbabcf36d67c58bd8823477f51ab5b34,9264fe5e5e191ba388a0e5d165fc292c6722185f5292ed7da7262e9cc16e2fdc,32c6ab9b34f99cfd8c66da0fea5b0c70dc0706c86c6c72cf5345908c65d21ebf,8b79c5c30b5447a511bebeb2d55164bda8362887,g++ (Ubuntu 13.3.0-6ubuntu2~24.04.1) 13.3.0,-std=c++17 -O2 -DNDEBUG -Wall -Wextra -DAHC071_TIME_LIMIT=1.80 -DAHC071_BEAM_WIDTH=64
26,1,current_w64,timed,64,10788,1.7766330809972715,0,1,1224,616,1213,edca59c3c360a2694baefb3163394ecbab89eb3faff2bc507b2b845da871b2dc,3fff01e6d7ed99a934f6cdbb6f2aede4cbabcf36d67c58bd8823477f51ab5b34,190b732121b853ab794aed65b36c500bcec3d59ff49f8547eb9028e23f922593,32c6ab9b34f99cfd8c66da0fea5b0c70dc0706c86c6c72cf5345908c65d21ebf,8b79c5c30b5447a511bebeb2d55164bda8362887,g++ (Ubuntu 13.3.0-6ubuntu2~24.04.1) 13.3.0,-std=c++17 -O2 -DNDEBUG -Wall -Wextra -DAHC071_TIME_LIMIT=1.80 -DAHC071_BEAM_WIDTH=64
26,2,reference_w64,timed,64,10788,1.7763470510253683,0,1,1224,621,1213,edca59c3c360a2694baefb3163394ecbab89eb3faff2bc507b2b845da871b2dc,3fff01e6d7ed99a934f6cdbb6f2aede4cbabcf36d67c58bd8823477f51ab5b34,9264fe5e5e191ba388a0e5d165fc292c6722185f5292ed7da7262e9cc16e2fdc,32c6ab9b34f99cfd8c66da0fea5b0c70dc0706c86c6c72cf5345908c65d21ebf,8b79c5c30b5447a511bebeb2d55164bda8362887,g++ (Ubuntu 13.3.0-6ubuntu2~24.04.1) 13.3.0,-std=c++17 -O2 -DNDEBUG -Wall -Wextra -DAHC071_TIME_LIMIT=1.80 -DAHC071_BEAM_WIDTH=64
26,2,current_w64,timed,64,10788,1.776528767979471,0,1,1224,608,1213,edca59c3c360a2694baefb3163394ecbab89eb3faff2bc507b2b845da871b2dc,3fff01e6d7ed99a934f6cdbb6f2aede4cbabcf36d67c58bd8823477f51ab5b34,190b732121b853ab794aed65b36c500bcec3d59ff49f8547eb9028e23f922593,32c6ab9b34f99cfd8c66da0fea5b0c70dc0706c86c6c72cf5345908c65d21ebf,8b79c5c30b5447a511bebeb2d55164bda8362887,g++ (Ubuntu 13.3.0-6ubuntu2~24.04.1) 13.3.0,-std=c++17 -O2 -DNDEBUG -Wall -Wextra -DAHC071_TIME_LIMIT=1.80 -DAHC071_BEAM_WIDTH=64
26,2,reference_w32,timed,32,10788,1.7764009640086442,0,1,1224,604,1213,edca59c3c360a2694baefb3163394ecbab89eb3faff2bc507b2b845da871b2dc,429b21714ff76bbb3c9a7dc8e4c2f6131cd0d8174bb76a72e4d8167bca1e8b6f,9264fe5e5e191ba388a0e5d165fc292c6722185f5292ed7da7262e9cc16e2fdc,32c6ab9b34f99cfd8c66da0fea5b0c70dc0706c86c6c72cf5345908c65d21ebf,8b79c5c30b5447a511bebeb2d55164bda8362887,g++ (Ubuntu 13.3.0-6ubuntu2~24.04.1) 13.3.0,-std=c++17 -O2 -DNDEBUG -Wall -Wextra -DAHC071_TIME_LIMIT=1.80 -DAHC071_BEAM_WIDTH=32
27,0,reference_w32,timed,32,10716,1.7766241590143181,0,1,1293,804,1285,8c9ccf06a4d8ebe2f07122b793d0a95babef9123c5c702839d7110cc8f4bbbe5,a6e67bf570bb49cd753ff92eef4cd408d3fb0996fbdaeb0223c25fe92216bb47,9264fe5e5e191ba388a0e5d165fc292c6722185f5292ed7da7262e9cc16e2fdc,32c6ab9b34f99cfd8c66da0fea5b0c70dc0706c86c6c72cf5345908c65d21ebf,8b79c5c30b5447a511bebeb2d55164bda8362887,g++ (Ubuntu 13.3.0-6ubuntu2~24.04.1) 13.3.0,-std=c++17 -O2 -DNDEBUG -Wall -Wextra -DAHC071_TIME_LIMIT=1.80 -DAHC071_BEAM_WIDTH=32
27,0,reference_w64,timed,64,10716,1.776308897009585,0,2,1293,771,1285,8c9ccf06a4d8ebe2f07122b793d0a95babef9123c5c702839d7110cc8f4bbbe5,a6e67bf570bb49cd753ff92eef4cd408d3fb0996fbdaeb0223c25fe92216bb47,9264fe5e5e191ba388a0e5d165fc292c6722185f5292ed7da7262e9cc16e2fdc,32c6ab9b34f99cfd8c66da0fea5b0c70dc0706c86c6c72cf5345908c65d21ebf,8b79c5c30b5447a511bebeb2d55164bda8362887,g++ (Ubuntu 13.3.0-6ubuntu2~24.04.1) 13.3.0,-std=c++17 -O2 -DNDEBUG -Wall -Wextra -DAHC071_TIME_LIMIT=1.80 -DAHC071_BEAM_WIDTH=64
27,0,current_w64,timed,64,10716,1.7764937629981432,0,2,1293,776,1285,8c9ccf06a4d8ebe2f07122b793d0a95babef9123c5c702839d7110cc8f4bbbe5,a6e67bf570bb49cd753ff92eef4cd408d3fb0996fbdaeb0223c25fe92216bb47,190b732121b853ab794aed65b36c500bcec3d59ff49f8547eb9028e23f922593,32c6ab9b34f99cfd8c66da0fea5b0c70dc0706c86c6c72cf5345908c65d21ebf,8b79c5c30b5447a511bebeb2d55164bda8362887,g++ (Ubuntu 13.3.0-6ubuntu2~24.04.1) 13.3.0,-std=c++17 -O2 -DNDEBUG -Wall -Wextra -DAHC071_TIME_LIMIT=1.80 -DAHC071_BEAM_WIDTH=64
27,1,reference_w64,timed,64,10716,1.7765925810090266,0,2,1293,755,1285,8c9ccf06a4d8ebe2f07122b793d0a95babef9123c5c702839d7110cc8f4bbbe5,a6e67bf570bb49cd753ff92eef4cd408d3fb0996fbdaeb0223c25fe92216bb47,9264fe5e5e191ba388a0e5d165fc292c6722185f5292ed7da7262e9cc16e2fdc,32c6ab9b34f99cfd8c66da0fea5b0c70dc0706c86c6c72cf5345908c65d21ebf,8b79c5c30b5447a511bebeb2d55164bda8362887,g++ (Ubuntu 13.3.0-6ubuntu2~24.04.1) 13.3.0,-std=c++17 -O2 -DNDEBUG -Wall -Wextra -DAHC071_TIME_LIMIT=1.80 -DAHC071_BEAM_WIDTH=64
27,1,current_w64,timed,64,10716,1.7766288979910314,0,2,1293,763,1285,8c9ccf06a4d8ebe2f07122b793d0a95babef9123c5c702839d7110cc8f4bbbe5,a6e67bf570bb49cd753ff92eef4cd408d3fb0996fbdaeb0223c25fe92216bb47,190b732121b853ab794aed65b36c500bcec3d59ff49f8547eb9028e23f922593,32c6ab9b34f99cfd8c66da0fea5b0c70dc0706c86c6c72cf5345908c65d21ebf,8b79c5c30b5447a511bebeb2d55164bda8362887,g++ (Ubuntu 13.3.0-6ubuntu2~24.04.1) 13.3.0,-std=c++17 -O2 -DNDEBUG -Wall -Wextra -DAHC071_TIME_LIMIT=1.80 -DAHC071_BEAM_WIDTH=64
27,1,reference_w32,timed,32,10716,1.7767302290012594,0,1,1293,785,1285,8c9ccf06a4d8ebe2f07122b793d0a95babef9123c5c702839d7110cc8f4bbbe5,a6e67bf570bb49cd753ff92eef4cd408d3fb0996fbdaeb0223c25fe92216bb47,9264fe5e5e191ba388a0e5d165fc292c6722185f5292ed7da7262e9cc16e2fdc,32c6ab9b34f99cfd8c66da0fea5b0c70dc0706c86c6c72cf5345908c65d21ebf,8b79c5c30b5447a511bebeb2d55164bda8362887,g++ (Ubuntu 13.3.0-6ubuntu2~24.04.1) 13.3.0,-std=c++17 -O2 -DNDEBUG -Wall -Wextra -DAHC071_TIME_LIMIT=1.80 -DAHC071_BEAM_WIDTH=32
27,2,current_w64,timed,64,10716,1.7766012579959352,0,2,1293,773,1285,8c9ccf06a4d8ebe2f07122b793d0a95babef9123c5c702839d7110cc8f4bbbe5,a6e67bf570bb49cd753ff92eef4cd408d3fb0996fbdaeb0223c25fe92216bb47,190b732121b853ab794aed65b36c500bcec3d59ff49f8547eb9028e23f922593,32c6ab9b34f99cfd8c66da0fea5b0c70dc0706c86c6c72cf5345908c65d21ebf,8b79c5c30b5447a511bebeb2d55164bda8362887,g++ (Ubuntu 13.3.0-6ubuntu2~24.04.1) 13.3.0,-std=c++17 -O2 -DNDEBUG -Wall -Wextra -DAHC071_TIME_LIMIT=1.80 -DAHC071_BEAM_WIDTH=64
27,2,reference_w32,timed,32,10716,1.7764349250064697,0,1,1293,783,1285,8c9ccf06a4d8ebe2f07122b793d0a95babef9123c5c702839d7110cc8f4bbbe5,a6e67bf570bb49cd753ff92eef4cd408d3fb0996fbdaeb0223c25fe92216bb47,9264fe5e5e191ba388a0e5d165fc292c6722185f5292ed7da7262e9cc16e2fdc,32c6ab9b34f99cfd8c66da0fea5b0c70dc0706c86c6c72cf5345908c65d21ebf,8b79c5c30b5447a511bebeb2d55164bda8362887,g++ (Ubuntu 13.3.0-6ubuntu2~24.04.1) 13.3.0,-std=c++17 -O2 -DNDEBUG -Wall -Wextra -DAHC071_TIME_LIMIT=1.80 -DAHC071_BEAM_WIDTH=32
27,2,reference_w64,timed,64,10716,1.7763986749923788,0,2,1293,748,1285,8c9ccf06a4d8ebe2f07122b793d0a95babef9123c5c702839d7110cc8f4bbbe5,a6e67bf570bb49cd753ff92eef4cd408d3fb0996fbdaeb0223c25fe92216bb47,9264fe5e5e191ba388a0e5d165fc292c6722185f5292ed7da7262e9cc16e2fdc,32c6ab9b34f99cfd8c66da0fea5b0c70dc0706c86c6c72cf5345908c65d21ebf,8b79c5c30b5447a511bebeb2d55164bda8362887,g++ (Ubuntu 13.3.0-6ubuntu2~24.04.1) 13.3.0,-std=c++17 -O2 -DNDEBUG -Wall -Wextra -DAHC071_TIME_LIMIT=1.80 -DAHC071_BEAM_WIDTH=64
28,0,reference_w64,timed,64,10573,1.7766247389954515,0,1,1431,800,1428,560c4689687292fb1870c8a985e3a5dca076861246e203a4195f5a6b1a9072d2,a2a30f278a0c2549c11d7c66f0027b9793ab9c2ab3b5254d970dc23dbdeb1d24,9264fe5e5e191ba388a0e5d165fc292c6722185f5292ed7da7262e9cc16e2fdc,32c6ab9b34f99cfd8c66da0fea5b0c70dc0706c86c6c72cf5345908c65d21ebf,8b79c5c30b5447a511bebeb2d55164bda8362887,g++ (Ubuntu 13.3.0-6ubuntu2~24.04.1) 13.3.0,-std=c++17 -O2 -DNDEBUG -Wall -Wextra -DAHC071_TIME_LIMIT=1.80 -DAHC071_BEAM_WIDTH=64
28,0,current_w64,timed,64,10573,1.7762897399952635,0,1,1431,818,1428,560c4689687292fb1870c8a985e3a5dca076861246e203a4195f5a6b1a9072d2,a2a30f278a0c2549c11d7c66f0027b9793ab9c2ab3b5254d970dc23dbdeb1d24,190b732121b853ab794aed65b36c500bcec3d59ff49f8547eb9028e23f922593,32c6ab9b34f99cfd8c66da0fea5b0c70dc0706c86c6c72cf5345908c65d21ebf,8b79c5c30b5447a511bebeb2d55164bda8362887,g++ (Ubuntu 13.3.0-6ubuntu2~24.04.1) 13.3.0,-std=c++17 -O2 -DNDEBUG -Wall -Wextra -DAHC071_TIME_LIMIT=1.80 -DAHC071_BEAM_WIDTH=64
28,0,reference_w32,timed,32,10573,1.7767897140001878,0,2,1432,815,1428,560c4689687292fb1870c8a985e3a5dca076861246e203a4195f5a6b1a9072d2,edee7237248e58ebeb70b0b14fef37792b758eace3d2f8766a2400ffd9cf77fd,9264fe5e5e191ba388a0e5d165fc292c6722185f5292ed7da7262e9cc16e2fdc,32c6ab9b34f99cfd8c66da0fea5b0c70dc0706c86c6c72cf5345908c65d21ebf,8b79c5c30b5447a511bebeb2d55164bda8362887,g++ (Ubuntu 13.3.0-6ubuntu2~24.04.1) 13.3.0,-std=c++17 -O2 -DNDEBUG -Wall -Wextra -DAHC071_TIME_LIMIT=1.80 -DAHC071_BEAM_WIDTH=32
28,1,current_w64,timed,64,10573,1.7766548180079553,0,1,1431,827,1428,560c4689687292fb1870c8a985e3a5dca076861246e203a4195f5a6b1a9072d2,a2a30f278a0c2549c11d7c66f0027b9793ab9c2ab3b5254d970dc23dbdeb1d24,190b732121b853ab794aed65b36c500bcec3d59ff49f8547eb9028e23f922593,32c6ab9b34f99cfd8c66da0fea5b0c70dc0706c86c6c72cf5345908c65d21ebf,8b79c5c30b5447a511bebeb2d55164bda8362887,g++ (Ubuntu 13.3.0-6ubuntu2~24.04.1) 13.3.0,-std=c++17 -O2 -DNDEBUG -Wall -Wextra -DAHC071_TIME_LIMIT=1.80 -DAHC071_BEAM_WIDTH=64
28,1,reference_w32,timed,32,10573,1.776293117000023,0,2,1432,821,1428,560c4689687292fb1870c8a985e3a5dca076861246e203a4195f5a6b1a9072d2,edee7237248e58ebeb70b0b14fef37792b758eace3d2f8766a2400ffd9cf77fd,9264fe5e5e191ba388a0e5d165fc292c6722185f5292ed7da7262e9cc16e2fdc,32c6ab9b34f99cfd8c66da0fea5b0c70dc0706c86c6c72cf5345908c65d21ebf,8b79c5c30b5447a511bebeb2d55164bda8362887,g++ (Ubuntu 13.3.0-6ubuntu2~24.04.1) 13.3.0,-std=c++17 -O2 -DNDEBUG -Wall -Wextra -DAHC071_TIME_LIMIT=1.80 -DAHC071_BEAM_WIDTH=32
28,1,reference_w64,timed,64,10573,1.7763367739971727,0,1,1431,814,1428,560c4689687292fb1870c8a985e3a5dca076861246e203a4195f5a6b1a9072d2,a2a30f278a0c2549c11d7c66f0027b9793ab9c2ab3b5254d970dc23dbdeb1d24,9264fe5e5e191ba388a0e5d165fc292c6722185f5292ed7da7262e9cc16e2fdc,32c6ab9b34f99cfd8c66da0fea5b0c70dc0706c86c6c72cf5345908c65d21ebf,8b79c5c30b5447a511bebeb2d55164bda8362887,g++ (Ubuntu 13.3.0-6ubuntu2~24.04.1) 13.3.0,-std=c++17 -O2 -DNDEBUG -Wall -Wextra -DAHC071_TIME_LIMIT=1.80 -DAHC071_BEAM_WIDTH=64
28,2,reference_w32,timed,32,10573,1.776461784989806,0,2,1432,825,1428,560c4689687292fb1870c8a985e3a5dca076861246e203a4195f5a6b1a9072d2,edee7237248e58ebeb70b0b14fef37792b758eace3d2f8766a2400ffd9cf77fd,9264fe5e5e191ba388a0e5d165fc292c6722185f5292ed7da7262e9cc16e2fdc,32c6ab9b34f99cfd8c66da0fea5b0c70dc0706c86c6c72cf5345908c65d21ebf,8b79c5c30b5447a511bebeb2d55164bda8362887,g++ (Ubuntu 13.3.0-6ubuntu2~24.04.1) 13.3.0,-std=c++17 -O2 -DNDEBUG -Wall -Wextra -DAHC071_TIME_LIMIT=1.80 -DAHC071_BEAM_WIDTH=32
28,2,reference_w64,timed,64,10573,1.776329469983466,0,1,1431,824,1428,560c4689687292fb1870c8a985e3a5dca076861246e203a4195f5a6b1a9072d2,a2a30f278a0c2549c11d7c66f0027b9793ab9c2ab3b5254d970dc23dbdeb1d24,9264fe5e5e191ba388a0e5d165fc292c6722185f5292ed7da7262e9cc16e2fdc,32c6ab9b34f99cfd8c66da0fea5b0c70dc0706c86c6c72cf5345908c65d21ebf,8b79c5c30b5447a511bebeb2d55164bda8362887,g++ (Ubuntu 13.3.0-6ubuntu2~24.04.1) 13.3.0,-std=c++17 -O2 -DNDEBUG -Wall -Wextra -DAHC071_TIME_LIMIT=1.80 -DAHC071_BEAM_WIDTH=64
28,2,current_w64,timed,64,10573,1.7764374670223333,0,1,1431,826,1428,560c4689687292fb1870c8a985e3a5dca076861246e203a4195f5a6b1a9072d2,a2a30f278a0c2549c11d7c66f0027b9793ab9c2ab3b5254d970dc23dbdeb1d24,190b732121b853ab794aed65b36c500bcec3d59ff49f8547eb9028e23f922593,32c6ab9b34f99cfd8c66da0fea5b0c70dc0706c86c6c72cf5345908c65d21ebf,8b79c5c30b5447a511bebeb2d55164bda8362887,g++ (Ubuntu 13.3.0-6ubuntu2~24.04.1) 13.3.0,-std=c++17 -O2 -DNDEBUG -Wall -Wextra -DAHC071_TIME_LIMIT=1.80 -DAHC071_BEAM_WIDTH=64
29,0,current_w64,timed,64,10665,1.7766307040001266,0,1,1339,840,1336,8f7f723361c2d5c18e0f2e57873fd7862390fa2f8f3cbcdb27fbb134ee7b0dc7,8d206b367bfd28150091c35a0c66b71c953e3745ce0680b6bd2f6d5e5477f9ac,190b732121b853ab794aed65b36c500bcec3d59ff49f8547eb9028e23f922593,32c6ab9b34f99cfd8c66da0fea5b0c70dc0706c86c6c72cf5345908c65d21ebf,8b79c5c30b5447a511bebeb2d55164bda8362887,g++ (Ubuntu 13.3.0-6ubuntu2~24.04.1) 13.3.0,-std=c++17 -O2 -DNDEBUG -Wall -Wextra -DAHC071_TIME_LIMIT=1.80 -DAHC071_BEAM_WIDTH=64
29,0,reference_w32,timed,32,10665,1.7775391899922397,0,1,1339,855,1336,8f7f723361c2d5c18e0f2e57873fd7862390fa2f8f3cbcdb27fbb134ee7b0dc7,8d206b367bfd28150091c35a0c66b71c953e3745ce0680b6bd2f6d5e5477f9ac,9264fe5e5e191ba388a0e5d165fc292c6722185f5292ed7da7262e9cc16e2fdc,32c6ab9b34f99cfd8c66da0fea5b0c70dc0706c86c6c72cf5345908c65d21ebf,8b79c5c30b5447a511bebeb2d55164bda8362887,g++ (Ubuntu 13.3.0-6ubuntu2~24.04.1) 13.3.0,-std=c++17 -O2 -DNDEBUG -Wall -Wextra -DAHC071_TIME_LIMIT=1.80 -DAHC071_BEAM_WIDTH=32
29,0,reference_w64,timed,64,10665,1.7769773559994064,0,1,1339,836,1336,8f7f723361c2d5c18e0f2e57873fd7862390fa2f8f3cbcdb27fbb134ee7b0dc7,8d206b367bfd28150091c35a0c66b71c953e3745ce0680b6bd2f6d5e5477f9ac,9264fe5e5e191ba388a0e5d165fc292c6722185f5292ed7da7262e9cc16e2fdc,32c6ab9b34f99cfd8c66da0fea5b0c70dc0706c86c6c72cf5345908c65d21ebf,8b79c5c30b5447a511bebeb2d55164bda8362887,g++ (Ubuntu 13.3.0-6ubuntu2~24.04.1) 13.3.0,-std=c++17 -O2 -DNDEBUG -Wall -Wextra -DAHC071_TIME_LIMIT=1.80 -DAHC071_BEAM_WIDTH=64
29,1,reference_w32,timed,32,10665,1.7766702350054402,0,1,1339,701,1336,8f7f723361c2d5c18e0f2e57873fd7862390fa2f8f3cbcdb27fbb134ee7b0dc7,8d206b367bfd28150091c35a0c66b71c953e3745ce0680b6bd2f6d5e5477f9ac,9264fe5e5e191ba388a0e5d165fc292c6722185f5292ed7da7262e9cc16e2fdc,32c6ab9b34f99cfd8c66da0fea5b0c70dc0706c86c6c72cf5345908c65d21ebf,8b79c5c30b5447a511bebeb2d55164bda8362887,g++ (Ubuntu 13.3.0-6ubuntu2~24.04.1) 13.3.0,-std=c++17 -O2 -DNDEBUG -Wall -Wextra -DAHC071_TIME_LIMIT=1.80 -DAHC071_BEAM_WIDTH=32
29,1,reference_w64,timed,64,10665,1.7764032859995496,0,1,1339,855,1336,8f7f723361c2d5c18e0f2e57873fd7862390fa2f8f3cbcdb27fbb134ee7b0dc7,8d206b367bfd28150091c35a0c66b71c953e3745ce0680b6bd2f6d5e5477f9ac,9264fe5e5e191ba388a0e5d165fc292c6722185f5292ed7da7262e9cc16e2fdc,32c6ab9b34f99cfd8c66da0fea5b0c70dc0706c86c6c72cf5345908c65d21ebf,8b79c5c30b5447a511bebeb2d55164bda8362887,g++ (Ubuntu 13.3.0-6ubuntu2~24.04.1) 13.3.0,-std=c++17 -O2 -DNDEBUG -Wall -Wextra -DAHC071_TIME_LIMIT=1.80 -DAHC071_BEAM_WIDTH=64
29,1,current_w64,timed,64,10665,1.7765381050121505,0,1,1339,834,1336,8f7f723361c2d5c18e0f2e57873fd7862390fa2f8f3cbcdb27fbb134ee7b0dc7,8d206b367bfd28150091c35a0c66b71c953e3745ce0680b6bd2f6d5e5477f9ac,190b732121b853ab794aed65b36c500bcec3d59ff49f8547eb9028e23f922593,32c6ab9b34f99cfd8c66da0fea5b0c70dc0706c86c6c72cf5345908c65d21ebf,8b79c5c30b5447a511bebeb2d55164bda8362887,g++ (Ubuntu 13.3.0-6ubuntu2~24.04.1) 13.3.0,-std=c++17 -O2 -DNDEBUG -Wall -Wextra -DAHC071_TIME_LIMIT=1.80 -DAHC071_BEAM_WIDTH=64
29,2,reference_w64,timed,64,10665,1.776370045990916,0,1,1339,847,1336,8f7f723361c2d5c18e0f2e57873fd7862390fa2f8f3cbcdb27fbb134ee7b0dc7,8d206b367bfd28150091c35a0c66b71c953e3745ce0680b6bd2f6d5e5477f9ac,9264fe5e5e191ba388a0e5d165fc292c6722185f5292ed7da7262e9cc16e2fdc,32c6ab9b34f99cfd8c66da0fea5b0c70dc0706c86c6c72cf5345908c65d21ebf,8b79c5c30b5447a511bebeb2d55164bda8362887,g++ (Ubuntu 13.3.0-6ubuntu2~24.04.1) 13.3.0,-std=c++17 -O2 -DNDEBUG -Wall -Wextra -DAHC071_TIME_LIMIT=1.80 -DAHC071_BEAM_WIDTH=64
29,2,current_w64,timed,64,10665,1.7764639609958977,0,1,1339,848,1336,8f7f723361c2d5c18e0f2e57873fd7862390fa2f8f3cbcdb27fbb134ee7b0dc7,8d206b367bfd28150091c35a0c66b71c953e3745ce0680b6bd2f6d5e5477f9ac,190b732121b853ab794aed65b36c500bcec3d59ff49f8547eb9028e23f922593,32c6ab9b34f99cfd8c66da0fea5b0c70dc0706c86c6c72cf5345908c65d21ebf,8b79c5c30b5447a511bebeb2d55164bda8362887,g++ (Ubuntu 13.3.0-6ubuntu2~24.04.1) 13.3.0,-std=c++17 -O2 -DNDEBUG -Wall -Wextra -DAHC071_TIME_LIMIT=1.80 -DAHC071_BEAM_WIDTH=64
29,2,reference_w32,timed,32,10665,1.776331591012422,0,1,1339,868,1336,8f7f723361c2d5c18e0f2e57873fd7862390fa2f8f3cbcdb27fbb134ee7b0dc7,8d206b367bfd28150091c35a0c66b71c953e3745ce0680b6bd2f6d5e5477f9ac,9264fe5e5e191ba388a0e5d165fc292c6722185f5292ed7da7262e9cc16e2fdc,32c6ab9b34f99cfd8c66da0fea5b0c70dc0706c86c6c72cf5345908c65d21ebf,8b79c5c30b5447a511bebeb2d55164bda8362887,g++ (Ubuntu 13.3.0-6ubuntu2~24.04.1) 13.3.0,-std=c++17 -O2 -DNDEBUG -Wall -Wextra -DAHC071_TIME_LIMIT=1.80 -DAHC071_BEAM_WIDTH=32
30,0,reference_w32,timed,32,10812,1.7770079420006368,0,1,1211,767,1189,433ee2cc79ab19d14b8701cdafac96c1ef3aa210ee5c689a39b6b657259f6018,4fc187f329d50a09c2733636e0132e191acc824150d1dd827ec37dbfbf772f00,9264fe5e5e191ba388a0e5d165fc292c6722185f5292ed7da7262e9cc16e2fdc,32c6ab9b34f99cfd8c66da0fea5b0c70dc0706c86c6c72cf5345908c65d21ebf,8b79c5c30b5447a511bebeb2d55164bda8362887,g++ (Ubuntu 13.3.0-6ubuntu2~24.04.1) 13.3.0,-std=c++17 -O2 -DNDEBUG -Wall -Wextra -DAHC071_TIME_LIMIT=1.80 -DAHC071_BEAM_WIDTH=32
30,0,reference_w64,timed,64,10812,1.7764891920087393,0,1,1208,719,1189,433ee2cc79ab19d14b8701cdafac96c1ef3aa210ee5c689a39b6b657259f6018,4fc187f329d50a09c2733636e0132e191acc824150d1dd827ec37dbfbf772f00,9264fe5e5e191ba388a0e5d165fc292c6722185f5292ed7da7262e9cc16e2fdc,32c6ab9b34f99cfd8c66da0fea5b0c70dc0706c86c6c72cf5345908c65d21ebf,8b79c5c30b5447a511bebeb2d55164bda8362887,g++ (Ubuntu 13.3.0-6ubuntu2~24.04.1) 13.3.0,-std=c++17 -O2 -DNDEBUG -Wall -Wextra -DAHC071_TIME_LIMIT=1.80 -DAHC071_BEAM_WIDTH=64
30,0,current_w64,timed,64,10812,1.7763628030079417,0,1,1208,738,1189,433ee2cc79ab19d14b8701cdafac96c1ef3aa210ee5c689a39b6b657259f6018,4fc187f329d50a09c2733636e0132e191acc824150d1dd827ec37dbfbf772f00,190b732121b853ab794aed65b36c500bcec3d59ff49f8547eb9028e23f922593,32c6ab9b34f99cfd8c66da0fea5b0c70dc0706c86c6c72cf5345908c65d21ebf,8b79c5c30b5447a511bebeb2d55164bda8362887,g++ (Ubuntu 13.3.0-6ubuntu2~24.04.1) 13.3.0,-std=c++17 -O2 -DNDEBUG -Wall -Wextra -DAHC071_TIME_LIMIT=1.80 -DAHC071_BEAM_WIDTH=64
30,1,reference_w64,timed,64,10812,1.7765615259995684,0,1,1208,713,1189,433ee2cc79ab19d14b8701cdafac96c1ef3aa210ee5c689a39b6b657259f6018,4fc187f329d50a09c2733636e0132e191acc824150d1dd827ec37dbfbf772f00,9264fe5e5e191ba388a0e5d165fc292c6722185f5292ed7da7262e9cc16e2fdc,32c6ab9b34f99cfd8c66da0fea5b0c70dc0706c86c6c72cf5345908c65d21ebf,8b79c5c30b5447a511bebeb2d55164bda8362887,g++ (Ubuntu 13.3.0-6ubuntu2~24.04.1) 13.3.0,-std=c++17 -O2 -DNDEBUG -Wall -Wextra -DAHC071_TIME_LIMIT=1.80 -DAHC071_BEAM_WIDTH=64
30,1,current_w64,timed,64,10812,1.7763694040186238,0,1,1208,748,1189,433ee2cc79ab19d14b8701cdafac96c1ef3aa210ee5c689a39b6b657259f6018,4fc187f329d50a09c2733636e0132e191acc824150d1dd827ec37dbfbf772f00,190b732121b853ab794aed65b36c500bcec3d59ff49f8547eb9028e23f922593,32c6ab9b34f99cfd8c66da0fea5b0c70dc0706c86c6c72cf5345908c65d21ebf,8b79c5c30b5447a511bebeb2d55164bda8362887,g++ (Ubuntu 13.3.0-6ubuntu2~24.04.1) 13.3.0,-std=c++17 -O2 -DNDEBUG -Wall -Wextra -DAHC071_TIME_LIMIT=1.80 -DAHC071_BEAM_WIDTH=64
30,1,reference_w32,timed,32,10812,1.7762325590010732,0,1,1211,760,1189,433ee2cc79ab19d14b8701cdafac96c1ef3aa210ee5c689a39b6b657259f6018,4fc187f329d50a09c2733636e0132e191acc824150d1dd827ec37dbfbf772f00,9264fe5e5e191ba388a0e5d165fc292c6722185f5292ed7da7262e9cc16e2fdc,32c6ab9b34f99cfd8c66da0fea5b0c70dc0706c86c6c72cf5345908c65d21ebf,8b79c5c30b5447a511bebeb2d55164bda8362887,g++ (Ubuntu 13.3.0-6ubuntu2~24.04.1) 13.3.0,-std=c++17 -O2 -DNDEBUG -Wall -Wextra -DAHC071_TIME_LIMIT=1.80 -DAHC071_BEAM_WIDTH=32
30,2,current_w64,timed,64,10812,1.7763242550136056,0,1,1208,752,1189,433ee2cc79ab19d14b8701cdafac96c1ef3aa210ee5c689a39b6b657259f6018,4fc187f329d50a09c2733636e0132e191acc824150d1dd827ec37dbfbf772f00,190b732121b853ab794aed65b36c500bcec3d59ff49f8547eb9028e23f922593,32c6ab9b34f99cfd8c66da0fea5b0c70dc0706c86c6c72cf5345908c65d21ebf,8b79c5c30b5447a511bebeb2d55164bda8362887,g++ (Ubuntu 13.3.0-6ubuntu2~24.04.1) 13.3.0,-std=c++17 -O2 -DNDEBUG -Wall -Wextra -DAHC071_TIME_LIMIT=1.80 -DAHC071_BEAM_WIDTH=64
30,2,reference_w32,timed,32,10812,1.776397119014291,0,1,1211,759,1189,433ee2cc79ab19d14b8701cdafac96c1ef3aa210ee5c689a39b6b657259f6018,4fc187f329d50a09c2733636e0132e191acc824150d1dd827ec37dbfbf772f00,9264fe5e5e191ba388a0e5d165fc292c6722185f5292ed7da7262e9cc16e2fdc,32c6ab9b34f99cfd8c66da0fea5b0c70dc0706c86c6c72cf5345908c65d21ebf,8b79c5c30b5447a511bebeb2d55164bda8362887,g++ (Ubuntu 13.3.0-6ubuntu2~24.04.1) 13.3.0,-std=c++17 -O2 -DNDEBUG -Wall -Wextra -DAHC071_TIME_LIMIT=1.80 -DAHC071_BEAM_WIDTH=32
30,2,reference_w64,timed,64,10812,1.7763361480028834,0,1,1208,738,1189,433ee2cc79ab19d14b8701cdafac96c1ef3aa210ee5c689a39b6b657259f6018,4fc187f329d50a09c2733636e0132e191acc824150d1dd827ec37dbfbf772f00,9264fe5e5e191ba388a0e5d165fc292c6722185f5292ed7da7262e9cc16e2fdc,32c6ab9b34f99cfd8c66da0fea5b0c70dc0706c86c6c72cf5345908c65d21ebf,8b79c5c30b5447a511bebeb2d55164bda8362887,g++ (Ubuntu 13.3.0-6ubuntu2~24.04.1) 13.3.0,-std=c++17 -O2 -DNDEBUG -Wall -Wextra -DAHC071_TIME_LIMIT=1.80 -DAHC071_BEAM_WIDTH=64
31,0,reference_w64,timed,64,10698,1.7770151720033027,0,2,1306,814,1303,73a93e54693c61d16f973750ef825f376719abeeae2fcde7382d20462190f735,c14424f8d7432db05f5c99c57e58d4e650a17c3dad760ef5c47ee724355e1aa1,9264fe5e5e191ba388a0e5d165fc292c6722185f5292ed7da7262e9cc16e2fdc,32c6ab9b34f99cfd8c66da0fea5b0c70dc0706c86c6c72cf5345908c65d21ebf,8b79c5c30b5447a511bebeb2d55164bda8362887,g++ (Ubuntu 13.3.0-6ubuntu2~24.04.1) 13.3.0,-std=c++17 -O2 -DNDEBUG -Wall -Wextra -DAHC071_TIME_LIMIT=1.80 -DAHC071_BEAM_WIDTH=64
31,0,current_w64,timed,64,10698,1.7769227839889936,0,2,1306,802,1303,73a93e54693c61d16f973750ef825f376719abeeae2fcde7382d20462190f735,c14424f8d7432db05f5c99c57e58d4e650a17c3dad760ef5c47ee724355e1aa1,190b732121b853ab794aed65b36c500bcec3d59ff49f8547eb9028e23f922593,32c6ab9b34f99cfd8c66da0fea5b0c70dc0706c86c6c72cf5345908c65d21ebf,8b79c5c30b5447a511bebeb2d55164bda8362887,g++ (Ubuntu 13.3.0-6ubuntu2~24.04.1) 13.3.0,-std=c++17 -O2 -DNDEBUG -Wall -Wextra -DAHC071_TIME_LIMIT=1.80 -DAHC071_BEAM_WIDTH=64
31,0,reference_w32,timed,32,10698,1.7764807440107688,0,2,1306,845,1303,73a93e54693c61d16f973750ef825f376719abeeae2fcde7382d20462190f735,a7bfd17a1402ca19f30f4475b595d70caffb91ce13bb4e0354ce12d1bb4a8592,9264fe5e5e191ba388a0e5d165fc292c6722185f5292ed7da7262e9cc16e2fdc,32c6ab9b34f99cfd8c66da0fea5b0c70dc0706c86c6c72cf5345908c65d21ebf,8b79c5c30b5447a511bebeb2d55164bda8362887,g++ (Ubuntu 13.3.0-6ubuntu2~24.04.1) 13.3.0,-std=c++17 -O2 -DNDEBUG -Wall -Wextra -DAHC071_TIME_LIMIT=1.80 -DAHC071_BEAM_WIDTH=32
31,1,current_w64,timed,64,10698,1.7770189350121655,0,2,1306,809,1303,73a93e54693c61d16f973750ef825f376719abeeae2fcde7382d20462190f735,c14424f8d7432db05f5c99c57e58d4e650a17c3dad760ef5c47ee724355e1aa1,190b732121b853ab794aed65b36c500bcec3d59ff49f8547eb9028e23f922593,32c6ab9b34f99cfd8c66da0fea5b0c70dc0706c86c6c72cf5345908c65d21ebf,8b79c5c30b5447a511bebeb2d55164bda8362887,g++ (Ubuntu 13.3.0-6ubuntu2~24.04.1) 13.3.0,-std=c++17 -O2 -DNDEBUG -Wall -Wextra -DAHC071_TIME_LIMIT=1.80 -DAHC071_BEAM_WIDTH=64
31,1,reference_w32,timed,32,10698,1.7766755190095864,0,2,1306,837,1303,73a93e54693c61d16f973750ef825f376719abeeae2fcde7382d20462190f735,a7bfd17a1402ca19f30f4475b595d70caffb91ce13bb4e0354ce12d1bb4a8592,9264fe5e5e191ba388a0e5d165fc292c6722185f5292ed7da7262e9cc16e2fdc,32c6ab9b34f99cfd8c66da0fea5b0c70dc0706c86c6c72cf5345908c65d21ebf,8b79c5c30b5447a511bebeb2d55164bda8362887,g++ (Ubuntu 13.3.0-6ubuntu2~24.04.1) 13.3.0,-std=c++17 -O2 -DNDEBUG -Wall -Wextra -DAHC071_TIME_LIMIT=1.80 -DAHC071_BEAM_WIDTH=32
31,1,reference_w64,timed,64,10698,1.776314866001485,0,2,1306,807,1303,73a93e54693c61d16f973750ef825f376719abeeae2fcde7382d20462190f735,c14424f8d7432db05f5c99c57e58d4e650a17c3dad760ef5c47ee724355e1aa1,9264fe5e5e191ba388a0e5d165fc292c6722185f5292ed7da7262e9cc16e2fdc,32c6ab9b34f99cfd8c66da0fea5b0c70dc0706c86c6c72cf5345908c65d21ebf,8b79c5c30b5447a511bebeb2d55164bda8362887,g++ (Ubuntu 13.3.0-6ubuntu2~24.04.1) 13.3.0,-std=c++17 -O2 -DNDEBUG -Wall -Wextra -DAHC071_TIME_LIMIT=1.80 -DAHC071_BEAM_WIDTH=64
31,2,reference_w32,timed,32,10698,1.7763945689948741,0,2,1306,855,1303,73a93e54693c61d16f973750ef825f376719abeeae2fcde7382d20462190f735,a7bfd17a1402ca19f30f4475b595d70caffb91ce13bb4e0354ce12d1bb4a8592,9264fe5e5e191ba388a0e5d165fc292c6722185f5292ed7da7262e9cc16e2fdc,32c6ab9b34f99cfd8c66da0fea5b0c70dc0706c86c6c72cf5345908c65d21ebf,8b79c5c30b5447a511bebeb2d55164bda8362887,g++ (Ubuntu 13.3.0-6ubuntu2~24.04.1) 13.3.0,-std=c++17 -O2 -DNDEBUG -Wall -Wextra -DAHC071_TIME_LIMIT=1.80 -DAHC071_BEAM_WIDTH=32
31,2,reference_w64,timed,64,10698,1.7763413280190434,0,2,1306,800,1303,73a93e54693c61d16f973750ef825f376719abeeae2fcde7382d20462190f735,c14424f8d7432db05f5c99c57e58d4e650a17c3dad760ef5c47ee724355e1aa1,9264fe5e5e191ba388a0e5d165fc292c6722185f5292ed7da7262e9cc16e2fdc,32c6ab9b34f99cfd8c66da0fea5b0c70dc0706c86c6c72cf5345908c65d21ebf,8b79c5c30b5447a511bebeb2d55164bda8362887,g++ (Ubuntu 13.3.0-6ubuntu2~24.04.1) 13.3.0,-std=c++17 -O2 -DNDEBUG -Wall -Wextra -DAHC071_TIME_LIMIT=1.80 -DAHC071_BEAM_WIDTH=64
31,2,current_w64,timed,64,10698,1.7763528449868318,0,2,1306,800,1303,73a93e54693c61d16f973750ef825f376719abeeae2fcde7382d20462190f735,c14424f8d7432db05f5c99c57e58d4e650a17c3dad760ef5c47ee724355e1aa1,190b732121b853ab794aed65b36c500bcec3d59ff49f8547eb9028e23f922593,32c6ab9b34f99cfd8c66da0fea5b0c70dc0706c86c6c72cf5345908c65d21ebf,8b79c5c30b5447a511bebeb2d55164bda8362887,g++ (Ubuntu 13.3.0-6ubuntu2~24.04.1) 13.3.0,-std=c++17 -O2 -DNDEBUG -Wall -Wextra -DAHC071_TIME_LIMIT=1.80 -DAHC071_BEAM_WIDTH=64
32,0,current_w64,timed,64,10551,1.7765857790072914,0,2,1462,750,1450,10a4944c7f02264446c65f9aed3e2d80709ee18cbcb403c24904cdfe40033d12,ee0721fa61fe93b5cca9e4f4afc1f57e5f4dc8b306f91797fe947d39b14cb9d8,190b732121b853ab794aed65b36c500bcec3d59ff49f8547eb9028e23f922593,32c6ab9b34f99cfd8c66da0fea5b0c70dc0706c86c6c72cf5345908c65d21ebf,8b79c5c30b5447a511bebeb2d55164bda8362887,g++ (Ubuntu 13.3.0-6ubuntu2~24.04.1) 13.3.0,-std=c++17 -O2 -DNDEBUG -Wall -Wextra -DAHC071_TIME_LIMIT=1.80 -DAHC071_BEAM_WIDTH=64
32,0,reference_w32,timed,32,10551,1.7762903409893624,0,2,1462,762,1450,10a4944c7f02264446c65f9aed3e2d80709ee18cbcb403c24904cdfe40033d12,ee0721fa61fe93b5cca9e4f4afc1f57e5f4dc8b306f91797fe947d39b14cb9d8,9264fe5e5e191ba388a0e5d165fc292c6722185f5292ed7da7262e9cc16e2fdc,32c6ab9b34f99cfd8c66da0fea5b0c70dc0706c86c6c72cf5345908c65d21ebf,8b79c5c30b5447a511bebeb2d55164bda8362887,g++ (Ubuntu 13.3.0-6ubuntu2~24.04.1) 13.3.0,-std=c++17 -O2 -DNDEBUG -Wall -Wextra -DAHC071_TIME_LIMIT=1.80 -DAHC071_BEAM_WIDTH=32
32,0,reference_w64,timed,64,10551,1.7763426530000288,0,2,1462,729,1450,10a4944c7f02264446c65f9aed3e2d80709ee18cbcb403c24904cdfe40033d12,ee0721fa61fe93b5cca9e4f4afc1f57e5f4dc8b306f91797fe947d39b14cb9d8,9264fe5e5e191ba388a0e5d165fc292c6722185f5292ed7da7262e9cc16e2fdc,32c6ab9b34f99cfd8c66da0fea5b0c70dc0706c86c6c72cf5345908c65d21ebf,8b79c5c30b5447a511bebeb2d55164bda8362887,g++ (Ubuntu 13.3.0-6ubuntu2~24.04.1) 13.3.0,-std=c++17 -O2 -DNDEBUG -Wall -Wextra -DAHC071_TIME_LIMIT=1.80 -DAHC071_BEAM_WIDTH=64
32,1,reference_w32,timed,32,10551,1.7764637639920693,0,2,1462,760,1450,10a4944c7f02264446c65f9aed3e2d80709ee18cbcb403c24904cdfe40033d12,ee0721fa61fe93b5cca9e4f4afc1f57e5f4dc8b306f91797fe947d39b14cb9d8,9264fe5e5e191ba388a0e5d165fc292c6722185f5292ed7da7262e9cc16e2fdc,32c6ab9b34f99cfd8c66da0fea5b0c70dc0706c86c6c72cf5345908c65d21ebf,8b79c5c30b5447a511bebeb2d55164bda8362887,g++ (Ubuntu 13.3.0-6ubuntu2~24.04.1) 13.3.0,-std=c++17 -O2 -DNDEBUG -Wall -Wextra -DAHC071_TIME_LIMIT=1.80 -DAHC071_BEAM_WIDTH=32
32,1,reference_w64,timed,64,10551,1.7765750479884446,0,2,1462,736,1450,10a4944c7f02264446c65f9aed3e2d80709ee18cbcb403c24904cdfe40033d12,ee0721fa61fe93b5cca9e4f4afc1f57e5f4dc8b306f91797fe947d39b14cb9d8,9264fe5e5e191ba388a0e5d165fc292c6722185f5292ed7da7262e9cc16e2fdc,32c6ab9b34f99cfd8c66da0fea5b0c70dc0706c86c6c72cf5345908c65d21ebf,8b79c5c30b5447a511bebeb2d55164bda8362887,g++ (Ubuntu 13.3.0-6ubuntu2~24.04.1) 13.3.0,-std=c++17 -O2 -DNDEBUG -Wall -Wextra -DAHC071_TIME_LIMIT=1.80 -DAHC071_BEAM_WIDTH=64
32,1,current_w64,timed,64,10551,1.7763210600242019,0,2,1462,748,1450,10a4944c7f02264446c65f9aed3e2d80709ee18cbcb403c24904cdfe40033d12,ee0721fa61fe93b5cca9e4f4afc1f57e5f4dc8b306f91797fe947d39b14cb9d8,190b732121b853ab794aed65b36c500bcec3d59ff49f8547eb9028e23f922593,32c6ab9b34f99cfd8c66da0fea5b0c70dc0706c86c6c72cf5345908c65d21ebf,8b79c5c30b5447a511bebeb2d55164bda8362887,g++ (Ubuntu 13.3.0-6ubuntu2~24.04.1) 13.3.0,-std=c++17 -O2 -DNDEBUG -Wall -Wextra -DAHC071_TIME_LIMIT=1.80 -DAHC071_BEAM_WIDTH=64
32,2,reference_w64,timed,64,10551,1.7763605430081952,0,2,1462,741,1450,10a4944c7f02264446c65f9aed3e2d80709ee18cbcb403c24904cdfe40033d12,ee0721fa61fe93b5cca9e4f4afc1f57e5f4dc8b306f91797fe947d39b14cb9d8,9264fe5e5e191ba388a0e5d165fc292c6722185f5292ed7da7262e9cc16e2fdc,32c6ab9b34f99cfd8c66da0fea5b0c70dc0706c86c6c72cf5345908c65d21ebf,8b79c5c30b5447a511bebeb2d55164bda8362887,g++ (Ubuntu 13.3.0-6ubuntu2~24.04.1) 13.3.0,-std=c++17 -O2 -DNDEBUG -Wall -Wextra -DAHC071_TIME_LIMIT=1.80 -DAHC071_BEAM_WIDTH=64
32,2,current_w64,timed,64,10551,1.776590658002533,0,2,1462,732,1450,10a4944c7f02264446c65f9aed3e2d80709ee18cbcb403c24904cdfe40033d12,ee0721fa61fe93b5cca9e4f4afc1f57e5f4dc8b306f91797fe947d39b14cb9d8,190b732121b853ab794aed65b36c500bcec3d59ff49f8547eb9028e23f922593,32c6ab9b34f99cfd8c66da0fea5b0c70dc0706c86c6c72cf5345908c65d21ebf,8b79c5c30b5447a511bebeb2d55164bda8362887,g++ (Ubuntu 13.3.0-6ubuntu2~24.04.1) 13.3.0,-std=c++17 -O2 -DNDEBUG -Wall -Wextra -DAHC071_TIME_LIMIT=1.80 -DAHC071_BEAM_WIDTH=64
32,2,reference_w32,timed,32,10551,1.7764976379985455,0,2,1462,756,1450,10a4944c7f02264446c65f9aed3e2d80709ee18cbcb403c24904cdfe40033d12,ee0721fa61fe93b5cca9e4f4afc1f57e5f4dc8b306f91797fe947d39b14cb9d8,9264fe5e5e191ba388a0e5d165fc292c6722185f5292ed7da7262e9cc16e2fdc,32c6ab9b34f99cfd8c66da0fea5b0c70dc0706c86c6c72cf5345908c65d21ebf,8b79c5c30b5447a511bebeb2d55164bda8362887,g++ (Ubuntu 13.3.0-6ubuntu2~24.04.1) 13.3.0,-std=c++17 -O2 -DNDEBUG -Wall -Wextra -DAHC071_TIME_LIMIT=1.80 -DAHC071_BEAM_WIDTH=32
33,0,reference_w32,timed,32,10547,1.7765826230170205,0,1,1459,835,1454,9c0522b9ed82baee168ff3884c4b619eea7c9fa5bf2f3c52d7254caa0d00dc1e,08f7b758974ef7a3a5b843ae3c3aed5a715623b673393cb26da29ca654063e1a,9264fe5e5e191ba388a0e5d165fc292c6722185f5292ed7da7262e9cc16e2fdc,32c6ab9b34f99cfd8c66da0fea5b0c70dc0706c86c6c72cf5345908c65d21ebf,8b79c5c30b5447a511bebeb2d55164bda8362887,g++ (Ubuntu 13.3.0-6ubuntu2~24.04.1) 13.3.0,-std=c++17 -O2 -DNDEBUG -Wall -Wextra -DAHC071_TIME_LIMIT=1.80 -DAHC071_BEAM_WIDTH=32
33,0,reference_w64,timed,64,10547,1.7764181179809384,0,1,1459,831,1454,9c0522b9ed82baee168ff3884c4b619eea7c9fa5bf2f3c52d7254caa0d00dc1e,08f7b758974ef7a3a5b843ae3c3aed5a715623b673393cb26da29ca654063e1a,9264fe5e5e191ba388a0e5d165fc292c6722185f5292ed7da7262e9cc16e2fdc,32c6ab9b34f99cfd8c66da0fea5b0c70dc0706c86c6c72cf5345908c65d21ebf,8b79c5c30b5447a511bebeb2d55164bda8362887,g++ (Ubuntu 13.3.0-6ubuntu2~24.04.1) 13.3.0,-std=c++17 -O2 -DNDEBUG -Wall -Wextra -DAHC071_TIME_LIMIT=1.80 -DAHC071_BEAM_WIDTH=64
33,0,current_w64,timed,64,10547,1.7762719219899736,0,1,1459,845,1454,9c0522b9ed82baee168ff3884c4b619eea7c9fa5bf2f3c52d7254caa0d00dc1e,08f7b758974ef7a3a5b843ae3c3aed5a715623b673393cb26da29ca654063e1a,190b732121b853ab794aed65b36c500bcec3d59ff49f8547eb9028e23f922593,32c6ab9b34f99cfd8c66da0fea5b0c70dc0706c86c6c72cf5345908c65d21ebf,8b79c5c30b5447a511bebeb2d55164bda8362887,g++ (Ubuntu 13.3.0-6ubuntu2~24.04.1) 13.3.0,-std=c++17 -O2 -DNDEBUG -Wall -Wextra -DAHC071_TIME_LIMIT=1.80 -DAHC071_BEAM_WIDTH=64
33,1,reference_w64,timed,64,10547,1.7770220050006174,0,1,1459,838,1454,9c0522b9ed82baee168ff3884c4b619eea7c9fa5bf2f3c52d7254caa0d00dc1e,08f7b758974ef7a3a5b843ae3c3aed5a715623b673393cb26da29ca654063e1a,9264fe5e5e191ba388a0e5d165fc292c6722185f5292ed7da7262e9cc16e2fdc,32c6ab9b34f99cfd8c66da0fea5b0c70dc0706c86c6c72cf5345908c65d21ebf,8b79c5c30b5447a511bebeb2d55164bda8362887,g++ (Ubuntu 13.3.0-6ubuntu2~24.04.1) 13.3.0,-std=c++17 -O2 -DNDEBUG -Wall -Wextra -DAHC071_TIME_LIMIT=1.80 -DAHC071_BEAM_WIDTH=64
33,1,current_w64,timed,64,10547,1.776605916005792,0,1,1459,814,1454,9c0522b9ed82baee168ff3884c4b619eea7c9fa5bf2f3c52d7254caa0d00dc1e,08f7b758974ef7a3a5b843ae3c3aed5a715623b673393cb26da29ca654063e1a,190b732121b853ab794aed65b36c500bcec3d59ff49f8547eb9028e23f922593,32c6ab9b34f99cfd8c66da0fea5b0c70dc0706c86c6c72cf5345908c65d21ebf,8b79c5c30b5447a511bebeb2d55164bda8362887,g++ (Ubuntu 13.3.0-6ubuntu2~24.04.1) 13.3.0,-std=c++17 -O2 -DNDEBUG -Wall -Wextra -DAHC071_TIME_LIMIT=1.80 -DAHC071_BEAM_WIDTH=64
33,1,reference_w32,timed,32,10547,1.776641648990335,0,1,1459,851,1454,9c0522b9ed82baee168ff3884c4b619eea7c9fa5bf2f3c52d7254caa0d00dc1e,08f7b758974ef7a3a5b843ae3c3aed5a715623b673393cb26da29ca654063e1a,9264fe5e5e191ba388a0e5d165fc292c6722185f5292ed7da7262e9cc16e2fdc,32c6ab9b34f99cfd8c66da0fea5b0c70dc0706c86c6c72cf5345908c65d21ebf,8b79c5c30b5447a511bebeb2d55164bda8362887,g++ (Ubuntu 13.3.0-6ubuntu2~24.04.1) 13.3.0,-std=c++17 -O2 -DNDEBUG -Wall -Wextra -DAHC071_TIME_LIMIT=1.80 -DAHC071_BEAM_WIDTH=32
33,2,current_w64,timed,64,10547,1.7767757230030838,0,1,1459,839,1454,9c0522b9ed82baee168ff3884c4b619eea7c9fa5bf2f3c52d7254caa0d00dc1e,08f7b758974ef7a3a5b843ae3c3aed5a715623b673393cb26da29ca654063e1a,190b732121b853ab794aed65b36c500bcec3d59ff49f8547eb9028e23f922593,32c6ab9b34f99cfd8c66da0fea5b0c70dc0706c86c6c72cf5345908c65d21ebf,8b79c5c30b5447a511bebeb2d55164bda8362887,g++ (Ubuntu 13.3.0-6ubuntu2~24.04.1) 13.3.0,-std=c++17 -O2 -DNDEBUG -Wall -Wextra -DAHC071_TIME_LIMIT=1.80 -DAHC071_BEAM_WIDTH=64
33,2,reference_w32,timed,32,10547,1.7766689319978468,0,1,1459,862,1454,9c0522b9ed82baee168ff3884c4b619eea7c9fa5bf2f3c52d7254caa0d00dc1e,08f7b758974ef7a3a5b843ae3c3aed5a715623b673393cb26da29ca654063e1a,9264fe5e5e191ba388a0e5d165fc292c6722185f5292ed7da7262e9cc16e2fdc,32c6ab9b34f99cfd8c66da0fea5b0c70dc0706c86c6c72cf5345908c65d21ebf,8b79c5c30b5447a511bebeb2d55164bda8362887,g++ (Ubuntu 13.3.0-6ubuntu2~24.04.1) 13.3.0,-std=c++17 -O2 -DNDEBUG -Wall -Wextra -DAHC071_TIME_LIMIT=1.80 -DAHC071_BEAM_WIDTH=32
33,2,reference_w64,timed,64,10547,1.776547051005764,0,1,1459,837,1454,9c0522b9ed82baee168ff3884c4b619eea7c9fa5bf2f3c52d7254caa0d00dc1e,08f7b758974ef7a3a5b843ae3c3aed5a715623b673393cb26da29ca654063e1a,9264fe5e5e191ba388a0e5d165fc292c6722185f5292ed7da7262e9cc16e2fdc,32c6ab9b34f99cfd8c66da0fea5b0c70dc0706c86c6c72cf5345908c65d21ebf,8b79c5c30b5447a511bebeb2d55164bda8362887,g++ (Ubuntu 13.3.0-6ubuntu2~24.04.1) 13.3.0,-std=c++17 -O2 -DNDEBUG -Wall -Wextra -DAHC071_TIME_LIMIT=1.80 -DAHC071_BEAM_WIDTH=64
34,0,reference_w64,timed,64,10766,1.7769968160137068,0,1,1247,834,1235,477c35a9016360d9362737b01b0a3ff8df2f3a45db185b2841ade55f2e21f579,3557afbf9c0973dea28272c30e0cfda9d8100bbd3f29be3294bcd576fb6dd843,9264fe5e5e191ba388a0e5d165fc292c6722185f5292ed7da7262e9cc16e2fdc,32c6ab9b34f99cfd8c66da0fea5b0c70dc0706c86c6c72cf5345908c65d21ebf,8b79c5c30b5447a511bebeb2d55164bda8362887,g++ (Ubuntu 13.3.0-6ubuntu2~24.04.1) 13.3.0,-std=c++17 -O2 -DNDEBUG -Wall -Wextra -DAHC071_TIME_LIMIT=1.80 -DAHC071_BEAM_WIDTH=64
34,0,current_w64,timed,64,10766,1.776270582980942,0,1,1247,842,1235,477c35a9016360d9362737b01b0a3ff8df2f3a45db185b2841ade55f2e21f579,3557afbf9c0973dea28272c30e0cfda9d8100bbd3f29be3294bcd576fb6dd843,190b732121b853ab794aed65b36c500bcec3d59ff49f8547eb9028e23f922593,32c6ab9b34f99cfd8c66da0fea5b0c70dc0706c86c6c72cf5345908c65d21ebf,8b79c5c30b5447a511bebeb2d55164bda8362887,g++ (Ubuntu 13.3.0-6ubuntu2~24.04.1) 13.3.0,-std=c++17 -O2 -DNDEBUG -Wall -Wextra -DAHC071_TIME_LIMIT=1.80 -DAHC071_BEAM_WIDTH=64
34,0,reference_w32,timed,32,10766,1.7764478940225672,0,1,1247,840,1235,477c35a9016360d9362737b01b0a3ff8df2f3a45db185b2841ade55f2e21f579,ea35a8f71aeb5d9dc7b3b91c3dc4b6f7aac6eb4a4592670c9a56589200e9f4e1,9264fe5e5e191ba388a0e5d165fc292c6722185f5292ed7da7262e9cc16e2fdc,32c6ab9b34f99cfd8c66da0fea5b0c70dc0706c86c6c72cf5345908c65d21ebf,8b79c5c30b5447a511bebeb2d55164bda8362887,g++ (Ubuntu 13.3.0-6ubuntu2~24.04.1) 13.3.0,-std=c++17 -O2 -DNDEBUG -Wall -Wextra -DAHC071_TIME_LIMIT=1.80 -DAHC071_BEAM_WIDTH=32
34,1,current_w64,timed,64,10766,1.776705218013376,0,1,1247,839,1235,477c35a9016360d9362737b01b0a3ff8df2f3a45db185b2841ade55f2e21f579,3557afbf9c0973dea28272c30e0cfda9d8100bbd3f29be3294bcd576fb6dd843,190b732121b853ab794aed65b36c500bcec3d59ff49f8547eb9028e23f922593,32c6ab9b34f99cfd8c66da0fea5b0c70dc0706c86c6c72cf5345908c65d21ebf,8b79c5c30b5447a511bebeb2d55164bda8362887,g++ (Ubuntu 13.3.0-6ubuntu2~24.04.1) 13.3.0,-std=c++17 -O2 -DNDEBUG -Wall -Wextra -DAHC071_TIME_LIMIT=1.80 -DAHC071_BEAM_WIDTH=64
34,1,reference_w32,timed,32,10766,1.7764553370070644,0,1,1247,831,1235,477c35a9016360d9362737b01b0a3ff8df2f3a45db185b2841ade55f2e21f579,ea35a8f71aeb5d9dc7b3b91c3dc4b6f7aac6eb4a4592670c9a56589200e9f4e1,9264fe5e5e191ba388a0e5d165fc292c6722185f5292ed7da7262e9cc16e2fdc,32c6ab9b34f99cfd8c66da0fea5b0c70dc0706c86c6c72cf5345908c65d21ebf,8b79c5c30b5447a511bebeb2d55164bda8362887,g++ (Ubuntu 13.3.0-6ubuntu2~24.04.1) 13.3.0,-std=c++17 -O2 -DNDEBUG -Wall -Wextra -DAHC071_TIME_LIMIT=1.80 -DAHC071_BEAM_WIDTH=32
34,1,reference_w64,timed,64,10766,1.776512152981013,0,1,1247,834,1235,477c35a9016360d9362737b01b0a3ff8df2f3a45db185b2841ade55f2e21f579,3557afbf9c0973dea28272c30e0cfda9d8100bbd3f29be3294bcd576fb6dd843,9264fe5e5e191ba388a0e5d165fc292c6722185f5292ed7da7262e9cc16e2fdc,32c6ab9b34f99cfd8c66da0fea5b0c70dc0706c86c6c72cf5345908c65d21ebf,8b79c5c30b5447a511bebeb2d55164bda8362887,g++ (Ubuntu 13.3.0-6ubuntu2~24.04.1) 13.3.0,-std=c++17 -O2 -DNDEBUG -Wall -Wextra -DAHC071_TIME_LIMIT=1.80 -DAHC071_BEAM_WIDTH=64
34,2,reference_w32,timed,32,10766,1.7765469059813768,0,1,1247,847,1235,477c35a9016360d9362737b01b0a3ff8df2f3a45db185b2841ade55f2e21f579,ea35a8f71aeb5d9dc7b3b91c3dc4b6f7aac6eb4a4592670c9a56589200e9f4e1,9264fe5e5e191ba388a0e5d165fc292c6722185f5292ed7da7262e9cc16e2fdc,32c6ab9b34f99cfd8c66da0fea5b0c70dc0706c86c6c72cf5345908c65d21ebf,8b79c5c30b5447a511bebeb2d55164bda8362887,g++ (Ubuntu 13.3.0-6ubuntu2~24.04.1) 13.3.0,-std=c++17 -O2 -DNDEBUG -Wall -Wextra -DAHC071_TIME_LIMIT=1.80 -DAHC071_BEAM_WIDTH=32
34,2,reference_w64,timed,64,10766,1.776532057003351,0,1,1247,820,1235,477c35a9016360d9362737b01b0a3ff8df2f3a45db185b2841ade55f2e21f579,3557afbf9c0973dea28272c30e0cfda9d8100bbd3f29be3294bcd576fb6dd843,9264fe5e5e191ba388a0e5d165fc292c6722185f5292ed7da7262e9cc16e2fdc,32c6ab9b34f99cfd8c66da0fea5b0c70dc0706c86c6c72cf5345908c65d21ebf,8b79c5c30b5447a511bebeb2d55164bda8362887,g++ (Ubuntu 13.3.0-6ubuntu2~24.04.1) 13.3.0,-std=c++17 -O2 -DNDEBUG -Wall -Wextra -DAHC071_TIME_LIMIT=1.80 -DAHC071_BEAM_WIDTH=64
34,2,current_w64,timed,64,10766,1.7764022700139321,0,1,1247,808,1235,477c35a9016360d9362737b01b0a3ff8df2f3a45db185b2841ade55f2e21f579,3557afbf9c0973dea28272c30e0cfda9d8100bbd3f29be3294bcd576fb6dd843,190b732121b853ab794aed65b36c500bcec3d59ff49f8547eb9028e23f922593,32c6ab9b34f99cfd8c66da0fea5b0c70dc0706c86c6c72cf5345908c65d21ebf,8b79c5c30b5447a511bebeb2d55164bda8362887,g++ (Ubuntu 13.3.0-6ubuntu2~24.04.1) 13.3.0,-std=c++17 -O2 -DNDEBUG -Wall -Wextra -DAHC071_TIME_LIMIT=1.80 -DAHC071_BEAM_WIDTH=64
35,0,current_w64,timed,64,10682,1.777074949000962,0,1,1333,828,1319,85489b1303631c926c2fe49c2dd53c809dc8b3d4b215889f04f8332c643c6d2e,9aaafc825ff0b3ed77ad6328bf0f3a96833cb140d6ac217e340872a8e6f4a309,190b732121b853ab794aed65b36c500bcec3d59ff49f8547eb9028e23f922593,32c6ab9b34f99cfd8c66da0fea5b0c70dc0706c86c6c72cf5345908c65d21ebf,8b79c5c30b5447a511bebeb2d55164bda8362887,g++ (Ubuntu 13.3.0-6ubuntu2~24.04.1) 13.3.0,-std=c++17 -O2 -DNDEBUG -Wall -Wextra -DAHC071_TIME_LIMIT=1.80 -DAHC071_BEAM_WIDTH=64
35,0,reference_w32,timed,32,10682,1.7764365409966558,0,2,1334,829,1319,85489b1303631c926c2fe49c2dd53c809dc8b3d4b215889f04f8332c643c6d2e,9aaafc825ff0b3ed77ad6328bf0f3a96833cb140d6ac217e340872a8e6f4a309,9264fe5e5e191ba388a0e5d165fc292c6722185f5292ed7da7262e9cc16e2fdc,32c6ab9b34f99cfd8c66da0fea5b0c70dc0706c86c6c72cf5345908c65d21ebf,8b79c5c30b5447a511bebeb2d55164bda8362887,g++ (Ubuntu 13.3.0-6ubuntu2~24.04.1) 13.3.0,-std=c++17 -O2 -DNDEBUG -Wall -Wextra -DAHC071_TIME_LIMIT=1.80 -DAHC071_BEAM_WIDTH=32
35,0,reference_w64,timed,64,10682,1.7768005930120125,0,1,1333,828,1319,85489b1303631c926c2fe49c2dd53c809dc8b3d4b215889f04f8332c643c6d2e,9aaafc825ff0b3ed77ad6328bf0f3a96833cb140d6ac217e340872a8e6f4a309,9264fe5e5e191ba388a0e5d165fc292c6722185f5292ed7da7262e9cc16e2fdc,32c6ab9b34f99cfd8c66da0fea5b0c70dc0706c86c6c72cf5345908c65d21ebf,8b79c5c30b5447a511bebeb2d55164bda8362887,g++ (Ubuntu 13.3.0-6ubuntu2~24.04.1) 13.3.0,-std=c++17 -O2 -DNDEBUG -Wall -Wextra -DAHC071_TIME_LIMIT=1.80 -DAHC071_BEAM_WIDTH=64
35,1,reference_w32,timed,32,10682,1.7765407049737405,0,2,1334,849,1319,85489b1303631c926c2fe49c2dd53c809dc8b3d4b215889f04f8332c643c6d2e,9aaafc825ff0b3ed77ad6328bf0f3a96833cb140d6ac217e340872a8e6f4a309,9264fe5e5e191ba388a0e5d165fc292c6722185f5292ed7da7262e9cc16e2fdc,32c6ab9b34f99cfd8c66da0fea5b0c70dc0706c86c6c72cf5345908c65d21ebf,8b79c5c30b5447a511bebeb2d55164bda8362887,g++ (Ubuntu 13.3.0-6ubuntu2~24.04.1) 13.3.0,-std=c++17 -O2 -DNDEBUG -Wall -Wextra -DAHC071_TIME_LIMIT=1.80 -DAHC071_BEAM_WIDTH=32
35,1,reference_w64,timed,64,10682,1.7772906229947694,0,1,1333,767,1319,85489b1303631c926c2fe49c2dd53c809dc8b3d4b215889f04f8332c643c6d2e,9aaafc825ff0b3ed77ad6328bf0f3a96833cb140d6ac217e340872a8e6f4a309,9264fe5e5e191ba388a0e5d165fc292c6722185f5292ed7da7262e9cc16e2fdc,32c6ab9b34f99cfd8c66da0fea5b0c70dc0706c86c6c72cf5345908c65d21ebf,8b79c5c30b5447a511bebeb2d55164bda8362887,g++ (Ubuntu 13.3.0-6ubuntu2~24.04.1) 13.3.0,-std=c++17 -O2 -DNDEBUG -Wall -Wextra -DAHC071_TIME_LIMIT=1.80 -DAHC071_BEAM_WIDTH=64
35,1,current_w64,timed,64,10682,1.776486754999496,0,1,1333,805,1319,85489b1303631c926c2fe49c2dd53c809dc8b3d4b215889f04f8332c643c6d2e,9aaafc825ff0b3ed77ad6328bf0f3a96833cb140d6ac217e340872a8e6f4a309,190b732121b853ab794aed65b36c500bcec3d59ff49f8547eb9028e23f922593,32c6ab9b34f99cfd8c66da0fea5b0c70dc0706c86c6c72cf5345908c65d21ebf,8b79c5c30b5447a511bebeb2d55164bda8362887,g++ (Ubuntu 13.3.0-6ubuntu2~24.04.1) 13.3.0,-std=c++17 -O2 -DNDEBUG -Wall -Wextra -DAHC071_TIME_LIMIT=1.80 -DAHC071_BEAM_WIDTH=64
35,2,reference_w64,timed,64,10682,1.7764561680087354,0,1,1333,832,1319,85489b1303631c926c2fe49c2dd53c809dc8b3d4b215889f04f8332c643c6d2e,9aaafc825ff0b3ed77ad6328bf0f3a96833cb140d6ac217e340872a8e6f4a309,9264fe5e5e191ba388a0e5d165fc292c6722185f5292ed7da7262e9cc16e2fdc,32c6ab9b34f99cfd8c66da0fea5b0c70dc0706c86c6c72cf5345908c65d21ebf,8b79c5c30b5447a511bebeb2d55164bda8362887,g++ (Ubuntu 13.3.0-6ubuntu2~24.04.1) 13.3.0,-std=c++17 -O2 -DNDEBUG -Wall -Wextra -DAHC071_TIME_LIMIT=1.80 -DAHC071_BEAM_WIDTH=64
35,2,current_w64,timed,64,10682,1.7763029700145125,0,1,1333,814,1319,85489b1303631c926c2fe49c2dd53c809dc8b3d4b215889f04f8332c643c6d2e,9aaafc825ff0b3ed77ad6328bf0f3a96833cb140d6ac217e340872a8e6f4a309,190b732121b853ab794aed65b36c500bcec3d59ff49f8547eb9028e23f922593,32c6ab9b34f99cfd8c66da0fea5b0c70dc0706c86c6c72cf5345908c65d21ebf,8b79c5c30b5447a511bebeb2d55164bda8362887,g++ (Ubuntu 13.3.0-6ubuntu2~24.04.1) 13.3.0,-std=c++17 -O2 -DNDEBUG -Wall -Wextra -DAHC071_TIME_LIMIT=1.80 -DAHC071_BEAM_WIDTH=64
35,2,reference_w32,timed,32,10682,1.7764234489877708,0,2,1334,834,1319,85489b1303631c926c2fe49c2dd53c809dc8b3d4b215889f04f8332c643c6d2e,9aaafc825ff0b3ed77ad6328bf0f3a96833cb140d6ac217e340872a8e6f4a309,9264fe5e5e191ba388a0e5d165fc292c6722185f5292ed7da7262e9cc16e2fdc,32c6ab9b34f99cfd8c66da0fea5b0c70dc0706c86c6c72cf5345908c65d21ebf,8b79c5c30b5447a511bebeb2d55164bda8362887,g++ (Ubuntu 13.3.0-6ubuntu2~24.04.1) 13.3.0,-std=c++17 -O2 -DNDEBUG -Wall -Wextra -DAHC071_TIME_LIMIT=1.80 -DAHC071_BEAM_WIDTH=32
36,0,reference_w32,timed,32,10552,1.7769981530145742,0,1,1457,769,1449,0f8b9d6a1ed0d32618e9acc047e555b89c2a9505a8354407affa7a7397824620,901d8822fd23236af332053f725ee1cadcbeae16922431adb01fead900822919,9264fe5e5e191ba388a0e5d165fc292c6722185f5292ed7da7262e9cc16e2fdc,32c6ab9b34f99cfd8c66da0fea5b0c70dc0706c86c6c72cf5345908c65d21ebf,8b79c5c30b5447a511bebeb2d55164bda8362887,g++ (Ubuntu 13.3.0-6ubuntu2~24.04.1) 13.3.0,-std=c++17 -O2 -DNDEBUG -Wall -Wextra -DAHC071_TIME_LIMIT=1.80 -DAHC071_BEAM_WIDTH=32
36,0,reference_w64,timed,64,10550,1.7764176999917254,0,1,1454,757,1451,0f8b9d6a1ed0d32618e9acc047e555b89c2a9505a8354407affa7a7397824620,da8a7b0d0a65de958540de29a4b082962b2fb2e45975c896011c3a55399c1920,9264fe5e5e191ba388a0e5d165fc292c6722185f5292ed7da7262e9cc16e2fdc,32c6ab9b34f99cfd8c66da0fea5b0c70dc0706c86c6c72cf5345908c65d21ebf,8b79c5c30b5447a511bebeb2d55164bda8362887,g++ (Ubuntu 13.3.0-6ubuntu2~24.04.1) 13.3.0,-std=c++17 -O2 -DNDEBUG -Wall -Wextra -DAHC071_TIME_LIMIT=1.80 -DAHC071_BEAM_WIDTH=64
36,0,current_w64,timed,64,10550,1.776513653981965,0,1,1454,781,1451,0f8b9d6a1ed0d32618e9acc047e555b89c2a9505a8354407affa7a7397824620,da8a7b0d0a65de958540de29a4b082962b2fb2e45975c896011c3a55399c1920,190b732121b853ab794aed65b36c500bcec3d59ff49f8547eb9028e23f922593,32c6ab9b34f99cfd8c66da0fea5b0c70dc0706c86c6c72cf5345908c65d21ebf,8b79c5c30b5447a511bebeb2d55164bda8362887,g++ (Ubuntu 13.3.0-6ubuntu2~24.04.1) 13.3.0,-std=c++17 -O2 -DNDEBUG -Wall -Wextra -DAHC071_TIME_LIMIT=1.80 -DAHC071_BEAM_WIDTH=64
36,1,reference_w64,timed,64,10550,1.776516112004174,0,1,1454,760,1451,0f8b9d6a1ed0d32618e9acc047e555b89c2a9505a8354407affa7a7397824620,da8a7b0d0a65de958540de29a4b082962b2fb2e45975c896011c3a55399c1920,9264fe5e5e191ba388a0e5d165fc292c6722185f5292ed7da7262e9cc16e2fdc,32c6ab9b34f99cfd8c66da0fea5b0c70dc0706c86c6c72cf5345908c65d21ebf,8b79c5c30b5447a511bebeb2d55164bda8362887,g++ (Ubuntu 13.3.0-6ubuntu2~24.04.1) 13.3.0,-std=c++17 -O2 -DNDEBUG -Wall -Wextra -DAHC071_TIME_LIMIT=1.80 -DAHC071_BEAM_WIDTH=64
36,1,current_w64,timed,64,10550,1.7767390979861375,0,1,1454,764,1451,0f8b9d6a1ed0d32618e9acc047e555b89c2a9505a8354407affa7a7397824620,da8a7b0d0a65de958540de29a4b082962b2fb2e45975c896011c3a55399c1920,190b732121b853ab794aed65b36c500bcec3d59ff49f8547eb9028e23f922593,32c6ab9b34f99cfd8c66da0fea5b0c70dc0706c86c6c72cf5345908c65d21ebf,8b79c5c30b5447a511bebeb2d55164bda8362887,g++ (Ubuntu 13.3.0-6ubuntu2~24.04.1) 13.3.0,-std=c++17 -O2 -DNDEBUG -Wall -Wextra -DAHC071_TIME_LIMIT=1.80 -DAHC071_BEAM_WIDTH=64
36,1,reference_w32,timed,32,10552,1.776347090024501,0,1,1457,774,1449,0f8b9d6a1ed0d32618e9acc047e555b89c2a9505a8354407affa7a7397824620,901d8822fd23236af332053f725ee1cadcbeae16922431adb01fead900822919,9264fe5e5e191ba388a0e5d165fc292c6722185f5292ed7da7262e9cc16e2fdc,32c6ab9b34f99cfd8c66da0fea5b0c70dc0706c86c6c72cf5345908c65d21ebf,8b79c5c30b5447a511bebeb2d55164bda8362887,g++ (Ubuntu 13.3.0-6ubuntu2~24.04.1) 13.3.0,-std=c++17 -O2 -DNDEBUG -Wall -Wextra -DAHC071_TIME_LIMIT=1.80 -DAHC071_BEAM_WIDTH=32
36,2,current_w64,timed,64,10550,1.7766535969858523,0,1,1454,797,1451,0f8b9d6a1ed0d32618e9acc047e555b89c2a9505a8354407affa7a7397824620,da8a7b0d0a65de958540de29a4b082962b2fb2e45975c896011c3a55399c1920,190b732121b853ab794aed65b36c500bcec3d59ff49f8547eb9028e23f922593,32c6ab9b34f99cfd8c66da0fea5b0c70dc0706c86c6c72cf5345908c65d21ebf,8b79c5c30b5447a511bebeb2d55164bda8362887,g++ (Ubuntu 13.3.0-6ubuntu2~24.04.1) 13.3.0,-std=c++17 -O2 -DNDEBUG -Wall -Wextra -DAHC071_TIME_LIMIT=1.80 -DAHC071_BEAM_WIDTH=64
36,2,reference_w32,timed,32,10552,1.776889745000517,0,1,1457,765,1449,0f8b9d6a1ed0d32618e9acc047e555b89c2a9505a8354407affa7a7397824620,901d8822fd23236af332053f725ee1cadcbeae16922431adb01fead900822919,9264fe5e5e191ba388a0e5d165fc292c6722185f5292ed7da7262e9cc16e2fdc,32c6ab9b34f99cfd8c66da0fea5b0c70dc0706c86c6c72cf5345908c65d21ebf,8b79c5c30b5447a511bebeb2d55164bda8362887,g++ (Ubuntu 13.3.0-6ubuntu2~24.04.1) 13.3.0,-std=c++17 -O2 -DNDEBUG -Wall -Wextra -DAHC071_TIME_LIMIT=1.80 -DAHC071_BEAM_WIDTH=32
36,2,reference_w64,timed,64,10550,1.776894459995674,0,1,1454,764,1451,0f8b9d6a1ed0d32618e9acc047e555b89c2a9505a8354407affa7a7397824620,da8a7b0d0a65de958540de29a4b082962b2fb2e45975c896011c3a55399c1920,9264fe5e5e191ba388a0e5d165fc292c6722185f5292ed7da7262e9cc16e2fdc,32c6ab9b34f99cfd8c66da0fea5b0c70dc0706c86c6c72cf5345908c65d21ebf,8b79c5c30b5447a511bebeb2d55164bda8362887,g++ (Ubuntu 13.3.0-6ubuntu2~24.04.1) 13.3.0,-std=c++17 -O2 -DNDEBUG -Wall -Wextra -DAHC071_TIME_LIMIT=1.80 -DAHC071_BEAM_WIDTH=64
37,0,reference_w64,timed,64,10779,1.7771490350132808,0,2,1228,751,1222,765cf727c4e5ac16bf05078a95edc9cacaae031103ddad06ecb1ff6f3814979c,4e386f0d997773baf945a52498b882376d23b5ca27e0d0d6db9bcb8b66a56b2d,9264fe5e5e191ba388a0e5d165fc292c6722185f5292ed7da7262e9cc16e2fdc,32c6ab9b34f99cfd8c66da0fea5b0c70dc0706c86c6c72cf5345908c65d21ebf,8b79c5c30b5447a511bebeb2d55164bda8362887,g++ (Ubuntu 13.3.0-6ubuntu2~24.04.1) 13.3.0,-std=c++17 -O2 -DNDEBUG -Wall -Wextra -DAHC071_TIME_LIMIT=1.80 -DAHC071_BEAM_WIDTH=64
37,0,current_w64,timed,64,10779,1.7766069670033175,0,2,1228,752,1222,765cf727c4e5ac16bf05078a95edc9cacaae031103ddad06ecb1ff6f3814979c,4e386f0d997773baf945a52498b882376d23b5ca27e0d0d6db9bcb8b66a56b2d,190b732121b853ab794aed65b36c500bcec3d59ff49f8547eb9028e23f922593,32c6ab9b34f99cfd8c66da0fea5b0c70dc0706c86c6c72cf5345908c65d21ebf,8b79c5c30b5447a511bebeb2d55164bda8362887,g++ (Ubuntu 13.3.0-6ubuntu2~24.04.1) 13.3.0,-std=c++17 -O2 -DNDEBUG -Wall -Wextra -DAHC071_TIME_LIMIT=1.80 -DAHC071_BEAM_WIDTH=64
37,0,reference_w32,timed,32,10779,1.7765490069868974,0,1,1228,773,1222,765cf727c4e5ac16bf05078a95edc9cacaae031103ddad06ecb1ff6f3814979c,4e386f0d997773baf945a52498b882376d23b5ca27e0d0d6db9bcb8b66a56b2d,9264fe5e5e191ba388a0e5d165fc292c6722185f5292ed7da7262e9cc16e2fdc,32c6ab9b34f99cfd8c66da0fea5b0c70dc0706c86c6c72cf5345908c65d21ebf,8b79c5c30b5447a511bebeb2d55164bda8362887,g++ (Ubuntu 13.3.0-6ubuntu2~24.04.1) 13.3.0,-std=c++17 -O2 -DNDEBUG -Wall -Wextra -DAHC071_TIME_LIMIT=1.80 -DAHC071_BEAM_WIDTH=32
37,1,current_w64,timed,64,10779,1.7766037239925936,0,2,1228,760,1222,765cf727c4e5ac16bf05078a95edc9cacaae031103ddad06ecb1ff6f3814979c,4e386f0d997773baf945a52498b882376d23b5ca27e0d0d6db9bcb8b66a56b2d,190b732121b853ab794aed65b36c500bcec3d59ff49f8547eb9028e23f922593,32c6ab9b34f99cfd8c66da0fea5b0c70dc0706c86c6c72cf5345908c65d21ebf,8b79c5c30b5447a511bebeb2d55164bda8362887,g++ (Ubuntu 13.3.0-6ubuntu2~24.04.1) 13.3.0,-std=c++17 -O2 -DNDEBUG -Wall -Wextra -DAHC071_TIME_LIMIT=1.80 -DAHC071_BEAM_WIDTH=64
37,1,reference_w32,timed,32,10779,1.7767916209995747,0,1,1228,773,1222,765cf727c4e5ac16bf05078a95edc9cacaae031103ddad06ecb1ff6f3814979c,4e386f0d997773baf945a52498b882376d23b5ca27e0d0d6db9bcb8b66a56b2d,9264fe5e5e191ba388a0e5d165fc292c6722185f5292ed7da7262e9cc16e2fdc,32c6ab9b34f99cfd8c66da0fea5b0c70dc0706c86c6c72cf5345908c65d21ebf,8b79c5c30b5447a511bebeb2d55164bda8362887,g++ (Ubuntu 13.3.0-6ubuntu2~24.04.1) 13.3.0,-std=c++17 -O2 -DNDEBUG -Wall -Wextra -DAHC071_TIME_LIMIT=1.80 -DAHC071_BEAM_WIDTH=32
37,1,reference_w64,timed,64,10779,1.7765100029937457,0,2,1228,747,1222,765cf727c4e5ac16bf05078a95edc9cacaae031103ddad06ecb1ff6f3814979c,4e386f0d997773baf945a52498b882376d23b5ca27e0d0d6db9bcb8b66a56b2d,9264fe5e5e191ba388a0e5d165fc292c6722185f5292ed7da7262e9cc16e2fdc,32c6ab9b34f99cfd8c66da0fea5b0c70dc0706c86c6c72cf5345908c65d21ebf,8b79c5c30b5447a511bebeb2d55164bda8362887,g++ (Ubuntu 13.3.0-6ubuntu2~24.04.1) 13.3.0,-std=c++17 -O2 -DNDEBUG -Wall -Wextra -DAHC071_TIME_LIMIT=1.80 -DAHC071_BEAM_WIDTH=64
37,2,reference_w32,timed,32,10779,1.7764234700007364,0,1,1228,764,1222,765cf727c4e5ac16bf05078a95edc9cacaae031103ddad06ecb1ff6f3814979c,4e386f0d997773baf945a52498b882376d23b5ca27e0d0d6db9bcb8b66a56b2d,9264fe5e5e191ba388a0e5d165fc292c6722185f5292ed7da7262e9cc16e2fdc,32c6ab9b34f99cfd8c66da0fea5b0c70dc0706c86c6c72cf5345908c65d21ebf,8b79c5c30b5447a511bebeb2d55164bda8362887,g++ (Ubuntu 13.3.0-6ubuntu2~24.04.1) 13.3.0,-std=c++17 -O2 -DNDEBUG -Wall -Wextra -DAHC071_TIME_LIMIT=1.80 -DAHC071_BEAM_WIDTH=32
37,2,reference_w64,timed,64,10779,1.7765631420188583,0,2,1228,723,1222,765cf727c4e5ac16bf05078a95edc9cacaae031103ddad06ecb1ff6f3814979c,4e386f0d997773baf945a52498b882376d23b5ca27e0d0d6db9bcb8b66a56b2d,9264fe5e5e191ba388a0e5d165fc292c6722185f5292ed7da7262e9cc16e2fdc,32c6ab9b34f99cfd8c66da0fea5b0c70dc0706c86c6c72cf5345908c65d21ebf,8b79c5c30b5447a511bebeb2d55164bda8362887,g++ (Ubuntu 13.3.0-6ubuntu2~24.04.1) 13.3.0,-std=c++17 -O2 -DNDEBUG -Wall -Wextra -DAHC071_TIME_LIMIT=1.80 -DAHC071_BEAM_WIDTH=64
37,2,current_w64,timed,64,10779,1.776745312003186,0,2,1228,752,1222,765cf727c4e5ac16bf05078a95edc9cacaae031103ddad06ecb1ff6f3814979c,4e386f0d997773baf945a52498b882376d23b5ca27e0d0d6db9bcb8b66a56b2d,190b732121b853ab794aed65b36c500bcec3d59ff49f8547eb9028e23f922593,32c6ab9b34f99cfd8c66da0fea5b0c70dc0706c86c6c72cf5345908c65d21ebf,8b79c5c30b5447a511bebeb2d55164bda8362887,g++ (Ubuntu 13.3.0-6ubuntu2~24.04.1) 13.3.0,-std=c++17 -O2 -DNDEBUG -Wall -Wextra -DAHC071_TIME_LIMIT=1.80 -DAHC071_BEAM_WIDTH=64
38,0,current_w64,timed,64,10751,1.7767715069931,0,1,1255,611,1250,59a1edd64a6b148ce2627e72fdc96feb2efcbbfa705956fcafb2c3071fa0d417,635ea4ef6dd600944099dadd71bb1d1c68be43e26183342c5562ad031e000dbb,190b732121b853ab794aed65b36c500bcec3d59ff49f8547eb9028e23f922593,32c6ab9b34f99cfd8c66da0fea5b0c70dc0706c86c6c72cf5345908c65d21ebf,8b79c5c30b5447a511bebeb2d55164bda8362887,g++ (Ubuntu 13.3.0-6ubuntu2~24.04.1) 13.3.0,-std=c++17 -O2 -DNDEBUG -Wall -Wextra -DAHC071_TIME_LIMIT=1.80 -DAHC071_BEAM_WIDTH=64
38,0,reference_w32,timed,32,10751,1.776635288988473,0,1,1258,659,1250,59a1edd64a6b148ce2627e72fdc96feb2efcbbfa705956fcafb2c3071fa0d417,635ea4ef6dd600944099dadd71bb1d1c68be43e26183342c5562ad031e000dbb,9264fe5e5e191ba388a0e5d165fc292c6722185f5292ed7da7262e9cc16e2fdc,32c6ab9b34f99cfd8c66da0fea5b0c70dc0706c86c6c72cf5345908c65d21ebf,8b79c5c30b5447a511bebeb2d55164bda8362887,g++ (Ubuntu 13.3.0-6ubuntu2~24.04.1) 13.3.0,-std=c++17 -O2 -DNDEBUG -Wall -Wextra -DAHC071_TIME_LIMIT=1.80 -DAHC071_BEAM_WIDTH=32
38,0,reference_w64,timed,64,10751,1.776516718993662,0,1,1255,630,1250,59a1edd64a6b148ce2627e72fdc96feb2efcbbfa705956fcafb2c3071fa0d417,635ea4ef6dd600944099dadd71bb1d1c68be43e26183342c5562ad031e000dbb,9264fe5e5e191ba388a0e5d165fc292c6722185f5292ed7da7262e9cc16e2fdc,32c6ab9b34f99cfd8c66da0fea5b0c70dc0706c86c6c72cf5345908c65d21ebf,8b79c5c30b5447a511bebeb2d55164bda8362887,g++ (Ubuntu 13.3.0-6ubuntu2~24.04.1) 13.3.0,-std=c++17 -O2 -DNDEBUG -Wall -Wextra -DAHC071_TIME_LIMIT=1.80 -DAHC071_BEAM_WIDTH=64
38,1,reference_w32,timed,32,10751,1.7768630269856658,0,1,1258,666,1250,59a1edd64a6b148ce2627e72fdc96feb2efcbbfa705956fcafb2c3071fa0d417,635ea4ef6dd600944099dadd71bb1d1c68be43e26183342c5562ad031e000dbb,9264fe5e5e191ba388a0e5d165fc292c6722185f5292ed7da7262e9cc16e2fdc,32c6ab9b34f99cfd8c66da0fea5b0c70dc0706c86c6c72cf5345908c65d21ebf,8b79c5c30b5447a511bebeb2d55164bda8362887,g++ (Ubuntu 13.3.0-6ubuntu2~24.04.1) 13.3.0,-std=c++17 -O2 -DNDEBUG -Wall -Wextra -DAHC071_TIME_LIMIT=1.80 -DAHC071_BEAM_WIDTH=32
38,1,reference_w64,timed,64,10751,1.7765132039785385,0,1,1255,645,1250,59a1edd64a6b148ce2627e72fdc96feb2efcbbfa705956fcafb2c3071fa0d417,635ea4ef6dd600944099dadd71bb1d1c68be43e26183342c5562ad031e000dbb,9264fe5e5e191ba388a0e5d165fc292c6722185f5292ed7da7262e9cc16e2fdc,32c6ab9b34f99cfd8c66da0fea5b0c70dc0706c86c6c72cf5345908c65d21ebf,8b79c5c30b5447a511bebeb2d55164bda8362887,g++ (Ubuntu 13.3.0-6ubuntu2~24.04.1) 13.3.0,-std=c++17 -O2 -DNDEBUG -Wall -Wextra -DAHC071_TIME_LIMIT=1.80 -DAHC071_BEAM_WIDTH=64
38,1,current_w64,timed,64,10751,1.7765795190061908,0,1,1255,644,1250,59a1edd64a6b148ce2627e72fdc96feb2efcbbfa705956fcafb2c3071fa0d417,635ea4ef6dd600944099dadd71bb1d1c68be43e26183342c5562ad031e000dbb,190b732121b853ab794aed65b36c500bcec3d59ff49f8547eb9028e23f922593,32c6ab9b34f99cfd8c66da0fea5b0c70dc0706c86c6c72cf5345908c65d21ebf,8b79c5c30b5447a511bebeb2d55164bda8362887,g++ (Ubuntu 13.3.0-6ubuntu2~24.04.1) 13.3.0,-std=c++17 -O2 -DNDEBUG -Wall -Wextra -DAHC071_TIME_LIMIT=1.80 -DAHC071_BEAM_WIDTH=64
38,2,reference_w64,timed,64,10751,1.776525319000939,0,1,1255,631,1250,59a1edd64a6b148ce2627e72fdc96feb2efcbbfa705956fcafb2c3071fa0d417,635ea4ef6dd600944099dadd71bb1d1c68be43e26183342c5562ad031e000dbb,9264fe5e5e191ba388a0e5d165fc292c6722185f5292ed7da7262e9cc16e2fdc,32c6ab9b34f99cfd8c66da0fea5b0c70dc0706c86c6c72cf5345908c65d21ebf,8b79c5c30b5447a511bebeb2d55164bda8362887,g++ (Ubuntu 13.3.0-6ubuntu2~24.04.1) 13.3.0,-std=c++17 -O2 -DNDEBUG -Wall -Wextra -DAHC071_TIME_LIMIT=1.80 -DAHC071_BEAM_WIDTH=64
38,2,current_w64,timed,64,10751,1.7764976889884565,0,1,1255,633,1250,59a1edd64a6b148ce2627e72fdc96feb2efcbbfa705956fcafb2c3071fa0d417,635ea4ef6dd600944099dadd71bb1d1c68be43e26183342c5562ad031e000dbb,190b732121b853ab794aed65b36c500bcec3d59ff49f8547eb9028e23f922593,32c6ab9b34f99cfd8c66da0fea5b0c70dc0706c86c6c72cf5345908c65d21ebf,8b79c5c30b5447a511bebeb2d55164bda8362887,g++ (Ubuntu 13.3.0-6ubuntu2~24.04.1) 13.3.0,-std=c++17 -O2 -DNDEBUG -Wall -Wextra -DAHC071_TIME_LIMIT=1.80 -DAHC071_BEAM_WIDTH=64
38,2,reference_w32,timed,32,10751,1.776300618017558,0,1,1258,670,1250,59a1edd64a6b148ce2627e72fdc96feb2efcbbfa705956fcafb2c3071fa0d417,635ea4ef6dd600944099dadd71bb1d1c68be43e26183342c5562ad031e000dbb,9264fe5e5e191ba388a0e5d165fc292c6722185f5292ed7da7262e9cc16e2fdc,32c6ab9b34f99cfd8c66da0fea5b0c70dc0706c86c6c72cf5345908c65d21ebf,8b79c5c30b5447a511bebeb2d55164bda8362887,g++ (Ubuntu 13.3.0-6ubuntu2~24.04.1) 13.3.0,-std=c++17 -O2 -DNDEBUG -Wall -Wextra -DAHC071_TIME_LIMIT=1.80 -DAHC071_BEAM_WIDTH=32
39,0,reference_w32,timed,32,10602,1.7769099790020846,0,2,1404,826,1399,c7cb10c9e8a77bf1baee6f3aa462d113bf21a0c2d65b23169d73af52994894a9,82e617c488be6ac6737de32e3e1125260c9bd3c1dc70e486fd813e013765b9ac,9264fe5e5e191ba388a0e5d165fc292c6722185f5292ed7da7262e9cc16e2fdc,32c6ab9b34f99cfd8c66da0fea5b0c70dc0706c86c6c72cf5345908c65d21ebf,8b79c5c30b5447a511bebeb2d55164bda8362887,g++ (Ubuntu 13.3.0-6ubuntu2~24.04.1) 13.3.0,-std=c++17 -O2 -DNDEBUG -Wall -Wextra -DAHC071_TIME_LIMIT=1.80 -DAHC071_BEAM_WIDTH=32
39,0,reference_w64,timed,64,10602,1.7763756219937932,0,1,1402,827,1399,c7cb10c9e8a77bf1baee6f3aa462d113bf21a0c2d65b23169d73af52994894a9,5dfca0794e4e5adc3536e4384ab2371a5f2758210df924b75922772aa841aa8b,9264fe5e5e191ba388a0e5d165fc292c6722185f5292ed7da7262e9cc16e2fdc,32c6ab9b34f99cfd8c66da0fea5b0c70dc0706c86c6c72cf5345908c65d21ebf,8b79c5c30b5447a511bebeb2d55164bda8362887,g++ (Ubuntu 13.3.0-6ubuntu2~24.04.1) 13.3.0,-std=c++17 -O2 -DNDEBUG -Wall -Wextra -DAHC071_TIME_LIMIT=1.80 -DAHC071_BEAM_WIDTH=64
39,0,current_w64,timed,64,10602,1.7762963970017154,0,1,1402,824,1399,c7cb10c9e8a77bf1baee6f3aa462d113bf21a0c2d65b23169d73af52994894a9,5dfca0794e4e5adc3536e4384ab2371a5f2758210df924b75922772aa841aa8b,190b732121b853ab794aed65b36c500bcec3d59ff49f8547eb9028e23f922593,32c6ab9b34f99cfd8c66da0fea5b0c70dc0706c86c6c72cf5345908c65d21ebf,8b79c5c30b5447a511bebeb2d55164bda8362887,g++ (Ubuntu 13.3.0-6ubuntu2~24.04.1) 13.3.0,-std=c++17 -O2 -DNDEBUG -Wall -Wextra -DAHC071_TIME_LIMIT=1.80 -DAHC071_BEAM_WIDTH=64
39,1,reference_w64,timed,64,10602,1.7768306650104932,0,1,1402,807,1399,c7cb10c9e8a77bf1baee6f3aa462d113bf21a0c2d65b23169d73af52994894a9,5dfca0794e4e5adc3536e4384ab2371a5f2758210df924b75922772aa841aa8b,9264fe5e5e191ba388a0e5d165fc292c6722185f5292ed7da7262e9cc16e2fdc,32c6ab9b34f99cfd8c66da0fea5b0c70dc0706c86c6c72cf5345908c65d21ebf,8b79c5c30b5447a511bebeb2d55164bda8362887,g++ (Ubuntu 13.3.0-6ubuntu2~24.04.1) 13.3.0,-std=c++17 -O2 -DNDEBUG -Wall -Wextra -DAHC071_TIME_LIMIT=1.80 -DAHC071_BEAM_WIDTH=64
39,1,current_w64,timed,64,10602,1.7764016919827554,0,1,1402,826,1399,c7cb10c9e8a77bf1baee6f3aa462d113bf21a0c2d65b23169d73af52994894a9,5dfca0794e4e5adc3536e4384ab2371a5f2758210df924b75922772aa841aa8b,190b732121b853ab794aed65b36c500bcec3d59ff49f8547eb9028e23f922593,32c6ab9b34f99cfd8c66da0fea5b0c70dc0706c86c6c72cf5345908c65d21ebf,8b79c5c30b5447a511bebeb2d55164bda8362887,g++ (Ubuntu 13.3.0-6ubuntu2~24.04.1) 13.3.0,-std=c++17 -O2 -DNDEBUG -Wall -Wextra -DAHC071_TIME_LIMIT=1.80 -DAHC071_BEAM_WIDTH=64
39,1,reference_w32,timed,32,10602,1.7766046620090492,0,2,1404,829,1399,c7cb10c9e8a77bf1baee6f3aa462d113bf21a0c2d65b23169d73af52994894a9,82e617c488be6ac6737de32e3e1125260c9bd3c1dc70e486fd813e013765b9ac,9264fe5e5e191ba388a0e5d165fc292c6722185f5292ed7da7262e9cc16e2fdc,32c6ab9b34f99cfd8c66da0fea5b0c70dc0706c86c6c72cf5345908c65d21ebf,8b79c5c30b5447a511bebeb2d55164bda8362887,g++ (Ubuntu 13.3.0-6ubuntu2~24.04.1) 13.3.0,-std=c++17 -O2 -DNDEBUG -Wall -Wextra -DAHC071_TIME_LIMIT=1.80 -DAHC071_BEAM_WIDTH=32
39,2,current_w64,timed,64,10602,1.7764415229903534,0,1,1402,820,1399,c7cb10c9e8a77bf1baee6f3aa462d113bf21a0c2d65b23169d73af52994894a9,5dfca0794e4e5adc3536e4384ab2371a5f2758210df924b75922772aa841aa8b,190b732121b853ab794aed65b36c500bcec3d59ff49f8547eb9028e23f922593,32c6ab9b34f99cfd8c66da0fea5b0c70dc0706c86c6c72cf5345908c65d21ebf,8b79c5c30b5447a511bebeb2d55164bda8362887,g++ (Ubuntu 13.3.0-6ubuntu2~24.04.1) 13.3.0,-std=c++17 -O2 -DNDEBUG -Wall -Wextra -DAHC071_TIME_LIMIT=1.80 -DAHC071_BEAM_WIDTH=64
39,2,reference_w32,timed,32,10602,1.776629594998667,0,2,1404,821,1399,c7cb10c9e8a77bf1baee6f3aa462d113bf21a0c2d65b23169d73af52994894a9,82e617c488be6ac6737de32e3e1125260c9bd3c1dc70e486fd813e013765b9ac,9264fe5e5e191ba388a0e5d165fc292c6722185f5292ed7da7262e9cc16e2fdc,32c6ab9b34f99cfd8c66da0fea5b0c70dc0706c86c6c72cf5345908c65d21ebf,8b79c5c30b5447a511bebeb2d55164bda8362887,g++ (Ubuntu 13.3.0-6ubuntu2~24.04.1) 13.3.0,-std=c++17 -O2 -DNDEBUG -Wall -Wextra -DAHC071_TIME_LIMIT=1.80 -DAHC071_BEAM_WIDTH=32
39,2,reference_w64,timed,64,10602,1.776294700015569,0,1,1402,820,1399,c7cb10c9e8a77bf1baee6f3aa462d113bf21a0c2d65b23169d73af52994894a9,5dfca0794e4e5adc3536e4384ab2371a5f2758210df924b75922772aa841aa8b,9264fe5e5e191ba388a0e5d165fc292c6722185f5292ed7da7262e9cc16e2fdc,32c6ab9b34f99cfd8c66da0fea5b0c70dc0706c86c6c72cf5345908c65d21ebf,8b79c5c30b5447a511bebeb2d55164bda8362887,g++ (Ubuntu 13.3.0-6ubuntu2~24.04.1) 13.3.0,-std=c++17 -O2 -DNDEBUG -Wall -Wextra -DAHC071_TIME_LIMIT=1.80 -DAHC071_BEAM_WIDTH=64
